Index,ID,Name,Intake,Subject Code,Subject Name,Grade,Comment,Programme,Email,,,Legend,,
1,A0001,Anya Taylor-Joy,Jun-25,MPU3183N,Penghayatan Etika dan Peradaban,e,Exempted without Credit Transfer,UEIS,A0001@uow.edu.my,,,e,Exempted without Credit Transfer,
2,A0001,Anya Taylor-Joy,Jun-25,KBEN1033N,Oral Communication,A+,#N/A,UEIS,A0001@uow.edu.my,,,ct,Credit Transferred,
3,A0001,Anya Taylor-Joy,Jun-25,XBCS1043N,Computing Mathematics,n,To Take (n : registered for Next semester),UEIS,A0001@uow.edu.my,,,n,To Take (n : registered for Next semester),
4,A0001,Anya Taylor-Joy,Jun-25,XBCS1143N,Application Development,n,To Take (n : registered for Next semester),UEIS,A0001@uow.edu.my,,,o,Passed,
5,A0001,Anya Taylor-Joy,Jun-25,XBCS1183N,Database Management & Security,n,To Take (n : registered for Next semester),UEIS,A0001@uow.edu.my,,,x,Failed and needs to retake,
6,A0001,Anya Taylor-Joy,Jun-25,MPU3333N,Integrity and Anti Corruption,B,#N/A,UEIS,A0001@uow.edu.my,,,1,Retaking this semester,
7,A0001,Anya Taylor-Joy,Jun-25,MPU3323N,Malaysia and Global Issues,e,Exempted without Credit Transfer,UEIS,A0001@uow.edu.my,,,v,Just Completed and Passed (w : Partial POST),
8,A0001,Anya Taylor-Joy,Jun-25,XBCS1123N,Statistics,n,To Take (n : registered for Next semester),UEIS,A0001@uow.edu.my,,,0.5,Taking this semester (magenta: taken in previous 0.5 sem),
9,A0001,Anya Taylor-Joy,Jun-25,MPU3143N,Bahasa Melayu Komunikasi 2,e,Exempted without Credit Transfer,UEIS,A0001@uow.edu.my,,,Int/, (wd: Withdrawn),
10,A0001,Anya Taylor-Joy,Jun-25,MPU3123N,Tamadun Islam & Tamadun Asia,e,Exempted without Credit Transfer,UEIS,A0001@uow.edu.my,,,,,
11,A0001,Anya Taylor-Joy,Jun-25,KBRM3014N,Research Methodology,e,Exempted without Credit Transfer,UEIS,A0001@uow.edu.my,,,,,
12,A0002,Austin Butler,Jun-25,MPU3183N,Penghayatan Etika dan Peradaban,e,Exempted without Credit Transfer,UEIS,A0002@uow.edu.my,,,Grade,Percentage Range (%),Grade Point (CGPA)
13,A0002,Austin Butler,Jun-25,KBEN1033N,Oral Communication,n,To Take (n : registered for Next semester),UEIS,A0002@uow.edu.my,,,A+,90–100,4
14,A0002,Austin Butler,Jun-25,XBCS1043N,Computing Mathematics,n,To Take (n : registered for Next semester),UEIS,A0002@uow.edu.my,,,A,80–89.9,4
15,A0002,Austin Butler,Jun-25,XBCS1143N,Application Development,n,To Take (n : registered for Next semester),UEIS,A0002@uow.edu.my,,,A-,75–79.9,3.7
16,A0002,Austin Butler,Jun-25,XBCS1183N,Database Management & Security,n,To Take (n : registered for Next semester),UEIS,A0002@uow.edu.my,,,B+,70–74.9,3.3
17,A0002,Austin Butler,Jun-25,MPU3333N,Integrity and Anti Corruption,n,To Take (n : registered for Next semester),UEIS,A0002@uow.edu.my,,,B,65–69.9,3
18,A0002,Austin Butler,Jun-25,MPU3323N,Malaysia and Global Issues,e,Exempted without Credit Transfer,UEIS,A0002@uow.edu.my,,,C+,60–64.9,2.3
19,A0002,Austin Butler,Jun-25,MPU3213,Bahasa Kebangsaan A,e,Exempted without Credit Transfer,UEIS,A0002@uow.edu.my,,,C,55–59.9,2
20,A0002,Austin Butler,Jun-25,MPU3143N,Bahasa Melayu Komunikasi 2,e,Exempted without Credit Transfer,UEIS,A0002@uow.edu.my,,,D+,50–54.9,1.3
21,A0002,Austin Butler,Jun-25,MPU3123N,Tamadun Islam & Tamadun Asia,e,Exempted without Credit Transfer,UEIS,A0002@uow.edu.my,,,D,45–49.9,1
22,A0002,Austin Butler,Jun-25,KBRM3014N,Research Methodology,e,Exempted without Credit Transfer,UEIS,A0002@uow.edu.my,,,F,<45,0
23,A0003,Gerard Butler,Jun-25,MPU3183N,Penghayatan Etika dan Peradaban,e,Exempted without Credit Transfer,UEIS,A0003@uow.edu.my,,,,,
24,A0003,Gerard Butler,Jun-25,KBEN1033N,Oral Communication,n,To Take (n : registered for Next semester),UEIS,A0003@uow.edu.my,,,,,
25,A0003,Gerard Butler,Jun-25,XBCS1043N,Computing Mathematics,n,To Take (n : registered for Next semester),UEIS,A0003@uow.edu.my,,,Semester,,
26,A0003,Gerard Butler,Jun-25,XBCS1143N,Application Development,n,To Take (n : registered for Next semester),UEIS,A0003@uow.edu.my,,1,Jan-22,,
27,A0003,Gerard Butler,Jun-25,XBCS1183N,Database Management & Security,n,To Take (n : registered for Next semester),UEIS,A0003@uow.edu.my,,2,May-22,,
28,A0003,Gerard Butler,Jun-25,MPU3333N,Integrity and Anti Corruption,n,To Take (n : registered for Next semester),UEIS,A0003@uow.edu.my,,3,Sep-22,,
29,A0003,Gerard Butler,Jun-25,MPU3323N,Malaysia and Global Issues,e,Exempted without Credit Transfer,UEIS,A0003@uow.edu.my,,4,Jan-23,"If student start at intake Jan23, they need to complete semester 4-6-8-10-12-14-16",
30,A0003,Gerard Butler,Jun-25,MPU3213,Bahasa Kebangsaan A,e,Exempted without Credit Transfer,UEIS,A0003@uow.edu.my,,5,Mar-23,"If student start at intake Mar23, they need to complete semester 4-6-8-10-12-14-16",
31,A0003,Gerard Butler,Jun-25,MPU3143N,Bahasa Melayu Komunikasi 2,e,Exempted without Credit Transfer,UEIS,A0003@uow.edu.my,,6,May-23,,
32,A0003,Gerard Butler,Jun-25,MPU3123N,Tamadun Islam & Tamadun Asia,e,Exempted without Credit Transfer,UEIS,A0003@uow.edu.my,,7,Jul-23,,
33,A0003,Gerard Butler,Jun-25,KBRM3014N,Research Methodology,e,Exempted without Credit Transfer,UEIS,A0003@uow.edu.my,,8,Sep-23,,
34,A0004,Beyoncé,Jun-25,MPU3183N,Penghayatan Etika dan Peradaban,e,Exempted without Credit Transfer,UEIS,A0004@uow.edu.my,,9,Oct-23,,
35,A0004,Beyoncé,Jun-25,KBEN1033N,Oral Communication,1,Retaking this semester,UEIS,A0004@uow.edu.my,,10,Jan-24,,
36,A0004,Beyoncé,Jun-25,XBCS1043N,Computing Mathematics,1,Retaking this semester,UEIS,A0004@uow.edu.my,,11,Mar-24,,
37,A0004,Beyoncé,Jun-25,XBCS1143N,Application Development,1,Retaking this semester,UEIS,A0004@uow.edu.my,,12,May-24,,
38,A0004,Beyoncé,Jun-25,XBCS1183N,Database Management & Security,ct,Credit Transferred,UEIS,A0004@uow.edu.my,,13,Sep-24,,
39,A0004,Beyoncé,Jun-25,MPU3333N,Integrity and Anti Corruption,1,Retaking this semester,UEIS,A0004@uow.edu.my,,14,Oct-24,,
40,A0004,Beyoncé,Jun-25,MPU3323N,Malaysia and Global Issues,1,Retaking this semester,UEIS,A0004@uow.edu.my,,15,Feb-25,,
41,A0004,Beyoncé,Jun-25,XBCS1123N,Statistics,1,Retaking this semester,UEIS,A0004@uow.edu.my,,16,Apr-25,,
42,A0004,Beyoncé,Jun-25,XBCS2103N,Fundamentals of Object Oriented Programming,ct,Credit Transferred,UEIS,A0004@uow.edu.my,,17,Jun-25,,
43,A0004,Beyoncé,Jun-25,XBCS2013N,Principles of Software Engineering,ct,Credit Transferred,UEIS,A0004@uow.edu.my,,,,,
44,A0004,Beyoncé,Jun-25,XBCS2193N,HCI & User Experience,ct,Credit Transferred,UEIS,A0004@uow.edu.my,,,,,
45,A0004,Beyoncé,Jun-25,MPU3123N,Tamadun Islam & Tamadun Asia,e,Exempted without Credit Transfer,UEIS,A0004@uow.edu.my,,,,,
46,A0004,Beyoncé,Jun-25,KBRM3014N,Research Methodology,e,Exempted without Credit Transfer,UEIS,A0004@uow.edu.my,,,,,
47,A0005,Billie Eilish,Apr-25,MPU3183N,Penghayatan Etika dan Peradaban,e,Exempted without Credit Transfer,UEIS,A0005@uow.edu.my,,,,,
48,A0005,Billie Eilish,Apr-25,KBEN1033N,Oral Communication,1,Retaking this semester,UEIS,A0005@uow.edu.my,,,,,
49,A0005,Billie Eilish,Apr-25,XBCS1043N,Computing Mathematics,1,Retaking this semester,UEIS,A0005@uow.edu.my,,,,,
50,A0005,Billie Eilish,Apr-25,XBCS1143N,Application Development,1,Retaking this semester,UEIS,A0005@uow.edu.my,,,,,
51,A0005,Billie Eilish,Apr-25,XBCS1183N,Database Management & Security,1,Retaking this semester,UEIS,A0005@uow.edu.my,,,,,
52,A0005,Billie Eilish,Apr-25,MPU3333N,Integrity and Anti Corruption,1,Retaking this semester,UEIS,A0005@uow.edu.my,,,,,
53,A0005,Billie Eilish,Apr-25,MPU3323N,Malaysia and Global Issues,e,Exempted without Credit Transfer,UEIS,A0005@uow.edu.my,,,,,
54,A0005,Billie Eilish,Apr-25,MPU3193N,Philosophy and Current Issues,1,Retaking this semester,UEIS,A0005@uow.edu.my,,,,,
55,A0005,Billie Eilish,Apr-25,MPU3213,Bahasa Kebangsaan A,e,Exempted without Credit Transfer,UEIS,A0005@uow.edu.my,,,,,
56,A0005,Billie Eilish,Apr-25,MPU3113,Hubungan Etnik,e,Exempted without Credit Transfer,UEIS,A0005@uow.edu.my,,,,,
57,A0006,Mary Butler,Apr-25,MPU3183N,Penghayatan Etika dan Peradaban,e,Exempted without Credit Transfer,UEIS,A0006@uow.edu.my,,,,,
58,A0006,Mary Butler,Apr-25,KBEN1033N,Oral Communication,1,Retaking this semester,UEIS,A0006@uow.edu.my,,,,,
59,A0006,Mary Butler,Apr-25,XBCS1043N,Computing Mathematics,1,Retaking this semester,UEIS,A0006@uow.edu.my,,,,,
60,A0006,Mary Butler,Apr-25,XBCS1143N,Application Development,1,Retaking this semester,UEIS,A0006@uow.edu.my,,,,,
61,A0006,Mary Butler,Apr-25,XBCS1183N,Database Management & Security,1,Retaking this semester,UEIS,A0006@uow.edu.my,,,,,
62,A0006,Mary Butler,Apr-25,MPU3333N,Integrity and Anti Corruption,1,Retaking this semester,UEIS,A0006@uow.edu.my,,,,,
63,A0006,Mary Butler,Apr-25,MPU3323N,Malaysia and Global Issues,e,Exempted without Credit Transfer,UEIS,A0006@uow.edu.my,,,,,
64,A0006,Mary Butler,Apr-25,MPU3193N,Philosophy and Current Issues,1,Retaking this semester,UEIS,A0006@uow.edu.my,,,,,
65,A0006,Mary Butler,Apr-25,MPU3213,Bahasa Kebangsaan A,e,Exempted without Credit Transfer,UEIS,A0006@uow.edu.my,,,,,
66,A0006,Mary Butler,Apr-25,MPU3113,Hubungan Etnik,e,Exempted without Credit Transfer,UEIS,A0006@uow.edu.my,,,,,
67,A0007,Lisa Butler,Feb-25,KBEN1033N,Oral Communication,ct,Credit Transferred,UEIS,A0007@uow.edu.my,,,,,
68,A0007,Lisa Butler,Feb-25,XBCS1043N,Computing Mathematics,ct,Credit Transferred,UEIS,A0007@uow.edu.my,,,,,
69,A0007,Lisa Butler,Feb-25,XBCS1143N,Application Development,ct,Credit Transferred,UEIS,A0007@uow.edu.my,,,,,
70,A0007,Lisa Butler,Feb-25,XBCS1183N,Database Management & Security,ct,Credit Transferred,UEIS,A0007@uow.edu.my,,,,,
71,A0007,Lisa Butler,Feb-25,MPU3333N,Integrity and Anti Corruption,n,To Take (n : registered for Next semester),UEIS,A0007@uow.edu.my,,,,,
72,A0007,Lisa Butler,Feb-25,MPU3323N,Malaysia and Global Issues,e,Exempted without Credit Transfer,UEIS,A0007@uow.edu.my,,,,,
73,A0007,Lisa Butler,Feb-25,MPU3193N,Philosophy and Current Issues,A,#N/A,UEIS,A0007@uow.edu.my,,,,,
74,A0007,Lisa Butler,Feb-25,XBCS1123N,Statistics,1,Retaking this semester,UEIS,A0007@uow.edu.my,,,,,
75,A0007,Lisa Butler,Feb-25,XBCS1153N,System Analysis and Design,D,#N/A,UEIS,A0007@uow.edu.my,,,,,
76,A0007,Lisa Butler,Feb-25,XBIS1034N,Foundation of Information Systems,ct,Credit Transferred,UEIS,A0007@uow.edu.my,,,,,
77,A0007,Lisa Butler,Feb-25,XBCS2103N,Fundamentals of Object Oriented Programming,ct,Credit Transferred,UEIS,A0007@uow.edu.my,,,,,
78,A0007,Lisa Butler,Feb-25,XBCS2163N,Database Management Systems,C,#N/A,UEIS,A0007@uow.edu.my,,,,,
79,A0007,Lisa Butler,Feb-25,XBIS2054N,Data Science,C+,#N/A,UEIS,A0007@uow.edu.my,,,,,
80,A0007,Lisa Butler,Feb-25,XBCS2013N,Principles of Software Engineering,ct,Credit Transferred,UEIS,A0007@uow.edu.my,,,,,
81,A0007,Lisa Butler,Feb-25,XBCS2193N,HCI & User Experience,1,Retaking this semester,UEIS,A0007@uow.edu.my,,,,,
82,A0007,Lisa Butler,Feb-25,XBIS3014N,Enterprise Systems,1,Retaking this semester,UEIS,A0007@uow.edu.my,,,,,
83,A0007,Lisa Butler,Feb-25,MPU3123N,Tamadun Islam & Tamadun Asia,e,Exempted without Credit Transfer,UEIS,A0007@uow.edu.my,,,,,
84,A0007,Lisa Butler,Feb-25,KBRM3014N,Research Methodology,e,Exempted without Credit Transfer,UEIS,A0007@uow.edu.my,,,,,
85,A0007,Lisa Butler,Feb-25,XBIS2034N,E-Commerce,ct,Credit Transferred,UEIS,A0007@uow.edu.my,,,,,
86,A0008,Cristiano Ronaldo,Oct-24,MPU3183N,Penghayatan Etika dan Peradaban,e,Exempted without Credit Transfer,UEIS,A0008@uow.edu.my,,,,,
87,A0008,Cristiano Ronaldo,Oct-24,KBEN1033N,Oral Communication,B+,#N/A,UEIS,A0008@uow.edu.my,,,,,
88,A0008,Cristiano Ronaldo,Oct-24,XBCS1143N,Application Development,F,#N/A,UEIS,A0008@uow.edu.my,,,,,
89,A0008,Cristiano Ronaldo,Oct-24,XBCS1183N,Database Management & Security,n,To Take (n : registered for Next semester),UEIS,A0008@uow.edu.my,,,,,
90,A0008,Cristiano Ronaldo,Oct-24,MPU3333N,Integrity and Anti Corruption,A-,#N/A,UEIS,A0008@uow.edu.my,,,,,
91,A0008,Cristiano Ronaldo,Oct-24,MPU3323N,Malaysia and Global Issues,e,Exempted without Credit Transfer,UEIS,A0008@uow.edu.my,,,,,
92,A0008,Cristiano Ronaldo,Oct-24,XBCS1123N,Statistics,n,To Take (n : registered for Next semester),UEIS,A0008@uow.edu.my,,,,,
93,A0008,Cristiano Ronaldo,Oct-24,XBCS1153N,System Analysis and Design,C,#N/A,UEIS,A0008@uow.edu.my,,,,,
94,A0008,Cristiano Ronaldo,Oct-24,XBIS1034N,Foundation of Information Systems,n,To Take (n : registered for Next semester),UEIS,A0008@uow.edu.my,,,,,
95,A0008,Cristiano Ronaldo,Oct-24,XBCS2163N,Database Management Systems,D,#N/A,UEIS,A0008@uow.edu.my,,,,,
96,A0008,Cristiano Ronaldo,Oct-24,XBCS2013N,Principles of Software Engineering,n,To Take (n : registered for Next semester),UEIS,A0008@uow.edu.my,,,,,
97,A0008,Cristiano Ronaldo,Oct-24,XBCS2193N,HCI & User Experience,n,To Take (n : registered for Next semester),UEIS,A0008@uow.edu.my,,,,,
98,A0008,Cristiano Ronaldo,Oct-24,MPU3143N,Bahasa Melayu Komunikasi 2,XF,#N/A,UEIS,A0008@uow.edu.my,,,,,
99,A0008,Cristiano Ronaldo,Oct-24,MPU3123N,Tamadun Islam & Tamadun Asia,e,Exempted without Credit Transfer,UEIS,A0008@uow.edu.my,,,,,
100,A0008,Cristiano Ronaldo,Oct-24,KBRM3014N,Research Methodology,e,Exempted without Credit Transfer,UEIS,A0008@uow.edu.my,,,,,
101,A0009,Doja Cat,Sep-24,MPU3183N,Penghayatan Etika dan Peradaban,e,Exempted without Credit Transfer,UEIS,A0009@uow.edu.my,,,,,
102,A0009,Doja Cat,Sep-24,KBEN1033N,Oral Communication,ct,Credit Transferred,UEIS,A0009@uow.edu.my,,,,,
103,A0009,Doja Cat,Sep-24,XBCS1043N,Computing Mathematics,ct,Credit Transferred,UEIS,A0009@uow.edu.my,,,,,
104,A0009,Doja Cat,Sep-24,XBCS1143N,Application Development,ct,Credit Transferred,UEIS,A0009@uow.edu.my,,,,,
105,A0009,Doja Cat,Sep-24,XBCS1183N,Database Management & Security,ct,Credit Transferred,UEIS,A0009@uow.edu.my,,,,,
106,A0009,Doja Cat,Sep-24,MPU3333N,Integrity and Anti Corruption,1,Retaking this semester,UEIS,A0009@uow.edu.my,,,,,
107,A0009,Doja Cat,Sep-24,MPU3323N,Malaysia and Global Issues,e,Exempted without Credit Transfer,UEIS,A0009@uow.edu.my,,,,,
108,A0009,Doja Cat,Sep-24,MPU3193N,Philosophy and Current Issues,C+,#N/A,UEIS,A0009@uow.edu.my,,,,,
109,A0009,Doja Cat,Sep-24,XBCS1123N,Statistics,1,Retaking this semester,UEIS,A0009@uow.edu.my,,,,,
110,A0009,Doja Cat,Sep-24,XBCS1153N,System Analysis and Design,ct,Credit Transferred,UEIS,A0009@uow.edu.my,,,,,
111,A0009,Doja Cat,Sep-24,XBIS1034N,Foundation of Information Systems,1,Retaking this semester,UEIS,A0009@uow.edu.my,,,,,
112,A0009,Doja Cat,Sep-24,XBCS2103N,Fundamentals of Object Oriented Programming,ct,Credit Transferred,UEIS,A0009@uow.edu.my,,,,,
113,A0009,Doja Cat,Sep-24,XBCS2163N,Database Management Systems,C+,#N/A,UEIS,A0009@uow.edu.my,,,,,
114,A0009,Doja Cat,Sep-24,XBIS2054N,Data Science,C,#N/A,UEIS,A0009@uow.edu.my,,,,,
115,A0009,Doja Cat,Sep-24,XBCS2013N,Principles of Software Engineering,ct,Credit Transferred,UEIS,A0009@uow.edu.my,,,,,
116,A0009,Doja Cat,Sep-24,XBCS2193N,HCI & User Experience,1,Retaking this semester,UEIS,A0009@uow.edu.my,,,,,
117,A0009,Doja Cat,Sep-24,XBIS3014N,Enterprise Systems,1,Retaking this semester,UEIS,A0009@uow.edu.my,,,,,
118,A0009,Doja Cat,Sep-24,XBIS2044N,Enterprise Architecture,C,#N/A,UEIS,A0009@uow.edu.my,,,,,
119,A0009,Doja Cat,Sep-24,XBIS3034N,Business Process Management,F,#N/A,UEIS,A0009@uow.edu.my,,,,,
120,A0009,Doja Cat,Sep-24,XBSE2044N,IT Project Management,F,#N/A,UEIS,A0009@uow.edu.my,,,,,
121,A0009,Doja Cat,Sep-24,XBCS2054N,Computer Ethics & Law,ct,Credit Transferred,UEIS,A0009@uow.edu.my,,,,,
122,A0009,Doja Cat,Sep-24,MPU3143N,Bahasa Melayu Komunikasi 2,B-,#N/A,UEIS,A0009@uow.edu.my,,,,,
123,A0009,Doja Cat,Sep-24,MPU3123N,Tamadun Islam & Tamadun Asia,e,Exempted without Credit Transfer,UEIS,A0009@uow.edu.my,,,,,
124,A0009,Doja Cat,Sep-24,KBRM3014N,Research Methodology,e,Exempted without Credit Transfer,UEIS,A0009@uow.edu.my,,,,,
125,A0010,Tom Cruise,Sep-24,MPU3183N,Penghayatan Etika dan Peradaban,B+,#N/A,UEIS,A0010@uow.edu.my,,,,,
126,A0010,Tom Cruise,Sep-24,KBEN1033N,Oral Communication,A+,#N/A,UEIS,A0010@uow.edu.my,,,,,
127,A0010,Tom Cruise,Sep-24,XBCS1143N,Application Development,C,#N/A,UEIS,A0010@uow.edu.my,,,,,
128,A0010,Tom Cruise,Sep-24,XBCS1183N,Database Management & Security,1,Retaking this semester,UEIS,A0010@uow.edu.my,,,,,
129,A0010,Tom Cruise,Sep-24,MPU3323N,Malaysia and Global Issues,e,Exempted without Credit Transfer,UEIS,A0010@uow.edu.my,,,,,
130,A0010,Tom Cruise,Sep-24,MPU3193N,Philosophy and Current Issues,B+,#N/A,UEIS,A0010@uow.edu.my,,,,,
131,A0010,Tom Cruise,Sep-24,XBCS1123N,Statistics,1,Retaking this semester,UEIS,A0010@uow.edu.my,,,,,
132,A0010,Tom Cruise,Sep-24,XBCS1153N,System Analysis and Design,A,#N/A,UEIS,A0010@uow.edu.my,,,,,
133,A0010,Tom Cruise,Sep-24,XBIS1034N,Foundation of Information Systems,B+,#N/A,UEIS,A0010@uow.edu.my,,,,,
134,A0010,Tom Cruise,Sep-24,XBCS2103N,Fundamentals of Object Oriented Programming,C+,#N/A,UEIS,A0010@uow.edu.my,,,,,
135,A0010,Tom Cruise,Sep-24,XBCS2163N,Database Management Systems,B,#N/A,UEIS,A0010@uow.edu.my,,,,,
136,A0010,Tom Cruise,Sep-24,XBIS2054N,Data Science,A-,#N/A,UEIS,A0010@uow.edu.my,,,,,
137,A0010,Tom Cruise,Sep-24,XBCS2013N,Principles of Software Engineering,1,Retaking this semester,UEIS,A0010@uow.edu.my,,,,,
138,A0010,Tom Cruise,Sep-24,XBCS2193N,HCI & User Experience,1,Retaking this semester,UEIS,A0010@uow.edu.my,,,,,
139,A0010,Tom Cruise,Sep-24,XBIS3014N,Enterprise Systems,1,Retaking this semester,UEIS,A0010@uow.edu.my,,,,,
140,A0010,Tom Cruise,Sep-24,MPU3123N,Tamadun Islam & Tamadun Asia,e,Exempted without Credit Transfer,UEIS,A0010@uow.edu.my,,,,,
141,A0010,Tom Cruise,Sep-24,KBRM3014N,Research Methodology,e,Exempted without Credit Transfer,UEIS,A0010@uow.edu.my,,,,,
142,A0011,Tom Cruise,Sep-24,MPU3183N,Penghayatan Etika dan Peradaban,e,Exempted without Credit Transfer,UEIS,A0011@uow.edu.my,,,,,
143,A0011,Tom Cruise,Sep-24,KBEN1033N,Oral Communication,ct,Credit Transferred,UEIS,A0011@uow.edu.my,,,,,
144,A0011,Tom Cruise,Sep-24,XBCS1043N,Computing Mathematics,ct,Credit Transferred,UEIS,A0011@uow.edu.my,,,,,
145,A0011,Tom Cruise,Sep-24,XBCS1143N,Application Development,ct,Credit Transferred,UEIS,A0011@uow.edu.my,,,,,
146,A0011,Tom Cruise,Sep-24,XBCS1183N,Database Management & Security,ct,Credit Transferred,UEIS,A0011@uow.edu.my,,,,,
147,A0011,Tom Cruise,Sep-24,MPU3333N,Integrity and Anti Corruption,n,To Take (n : registered for Next semester),UEIS,A0011@uow.edu.my,,,,,
148,A0011,Tom Cruise,Sep-24,MPU3323N,Malaysia and Global Issues,e,Exempted without Credit Transfer,UEIS,A0011@uow.edu.my,,,,,
149,A0011,Tom Cruise,Sep-24,MPU3193N,Philosophy and Current Issues,B-,#N/A,UEIS,A0011@uow.edu.my,,,,,
150,A0011,Tom Cruise,Sep-24,XBCS1123N,Statistics,1,Retaking this semester,UEIS,A0011@uow.edu.my,,,,,
151,A0011,Tom Cruise,Sep-24,XBCS1153N,System Analysis and Design,ct,Credit Transferred,UEIS,A0011@uow.edu.my,,,,,
152,A0011,Tom Cruise,Sep-24,XBIS1034N,Foundation of Information Systems,C,#N/A,UEIS,A0011@uow.edu.my,,,,,
153,A0011,Tom Cruise,Sep-24,XBCS2103N,Fundamentals of Object Oriented Programming,ct,Credit Transferred,UEIS,A0011@uow.edu.my,,,,,
154,A0011,Tom Cruise,Sep-24,XBCS2163N,Database Management Systems,C+,#N/A,UEIS,A0011@uow.edu.my,,,,,
155,A0011,Tom Cruise,Sep-24,XBIS2054N,Data Science,B,#N/A,UEIS,A0011@uow.edu.my,,,,,
156,A0011,Tom Cruise,Sep-24,XBCS2013N,Principles of Software Engineering,ct,Credit Transferred,UEIS,A0011@uow.edu.my,,,,,
157,A0011,Tom Cruise,Sep-24,XBCS2193N,HCI & User Experience,C+,#N/A,UEIS,A0011@uow.edu.my,,,,,
158,A0011,Tom Cruise,Sep-24,XBIS3014N,Enterprise Systems,1,Retaking this semester,UEIS,A0011@uow.edu.my,,,,,
159,A0011,Tom Cruise,Sep-24,XBIS2044N,Enterprise Architecture,C,#N/A,UEIS,A0011@uow.edu.my,,,,,
160,A0011,Tom Cruise,Sep-24,XBIS3044N,Information System Strategy & Management,1,Retaking this semester,UEIS,A0011@uow.edu.my,,,,,
161,A0011,Tom Cruise,Sep-24,XBIS3034N,Business Process Management,C,#N/A,UEIS,A0011@uow.edu.my,,,,,
162,A0011,Tom Cruise,Sep-24,XBSE2044N,IT Project Management,D,#N/A,UEIS,A0011@uow.edu.my,,,,,
163,A0011,Tom Cruise,Sep-24,XBCS2054N,Computer Ethics & Law,ct,Credit Transferred,UEIS,A0011@uow.edu.my,,,,,
164,A0011,Tom Cruise,Sep-24,MPU3143N,Bahasa Melayu Komunikasi 2,B+,#N/A,UEIS,A0011@uow.edu.my,,,,,
165,A0011,Tom Cruise,Sep-24,MPU3123N,Tamadun Islam & Tamadun Asia,e,Exempted without Credit Transfer,UEIS,A0011@uow.edu.my,,,,,
166,A0011,Tom Cruise,Sep-24,KBRM3014N,Research Methodology,e,Exempted without Credit Transfer,UEIS,A0011@uow.edu.my,,,,,
167,A0012,Tom Cruise,May-24,MPU3183N,Penghayatan Etika dan Peradaban,A-,#N/A,UEIS,A0012@uow.edu.my,,,,,
168,A0012,Tom Cruise,May-24,KBEN1033N,Oral Communication,B+,#N/A,UEIS,A0012@uow.edu.my,,,,,
169,A0012,Tom Cruise,May-24,XBCS1043N,Computing Mathematics,A,#N/A,UEIS,A0012@uow.edu.my,,,,,
170,A0012,Tom Cruise,May-24,XBCS1143N,Application Development,B+,#N/A,UEIS,A0012@uow.edu.my,,,,,
171,A0012,Tom Cruise,May-24,XBCS1183N,Database Management & Security,B-,#N/A,UEIS,A0012@uow.edu.my,,,,,
172,A0012,Tom Cruise,May-24,MPU3333N,Integrity and Anti Corruption,n,To Take (n : registered for Next semester),UEIS,A0012@uow.edu.my,,,,,
173,A0012,Tom Cruise,May-24,MPU3323N,Malaysia and Global Issues,e,Exempted without Credit Transfer,UEIS,A0012@uow.edu.my,,,,,
174,A0012,Tom Cruise,May-24,MPU3193N,Philosophy and Current Issues,C,#N/A,UEIS,A0012@uow.edu.my,,,,,
175,A0012,Tom Cruise,May-24,XBCS1123N,Statistics,1,Retaking this semester,UEIS,A0012@uow.edu.my,,,,,
176,A0012,Tom Cruise,May-24,XBCS1153N,System Analysis and Design,B+,#N/A,UEIS,A0012@uow.edu.my,,,,,
177,A0012,Tom Cruise,May-24,XBIS1034N,Foundation of Information Systems,B-,#N/A,UEIS,A0012@uow.edu.my,,,,,
178,A0012,Tom Cruise,May-24,XBCS2103N,Fundamentals of Object Oriented Programming,B+,#N/A,UEIS,A0012@uow.edu.my,,,,,
179,A0012,Tom Cruise,May-24,XBIS1044N,Enterprise Information Systems,B-,#N/A,UEIS,A0012@uow.edu.my,,,,,
180,A0012,Tom Cruise,May-24,XBCS2163N,Database Management Systems,B+,#N/A,UEIS,A0012@uow.edu.my,,,,,
181,A0012,Tom Cruise,May-24,XBIS2054N,Data Science,B-,#N/A,UEIS,A0012@uow.edu.my,,,,,
182,A0012,Tom Cruise,May-24,XBCS2013N,Principles of Software Engineering,A-,#N/A,UEIS,A0012@uow.edu.my,,,,,
183,A0012,Tom Cruise,May-24,MPU3243N,Entrepreneurship,B+,#N/A,UEIS,A0012@uow.edu.my,,,,,
184,A0012,Tom Cruise,May-24,XBCS2193N,HCI & User Experience,1,Retaking this semester,UEIS,A0012@uow.edu.my,,,,,
185,A0012,Tom Cruise,May-24,XBIS3014N,Enterprise Systems,1,Retaking this semester,UEIS,A0012@uow.edu.my,,,,,
186,A0012,Tom Cruise,May-24,MPU3123N,Tamadun Islam & Tamadun Asia,e,Exempted without Credit Transfer,UEIS,A0012@uow.edu.my,,,,,
187,A0012,Tom Cruise,May-24,KBRM3014N,Research Methodology,e,Exempted without Credit Transfer,UEIS,A0012@uow.edu.my,,,,,
188,A0013,Harry Styles,Mar-24,MPU3183N,Penghayatan Etika dan Peradaban,B,#N/A,UEIS,A0013@uow.edu.my,,,,,
189,A0013,Harry Styles,Mar-24,KBEN1033N,Oral Communication,ct,Credit Transferred,UEIS,A0013@uow.edu.my,,,,,
190,A0013,Harry Styles,Mar-24,XBCS1043N,Computing Mathematics,ct,Credit Transferred,UEIS,A0013@uow.edu.my,,,,,
191,A0013,Harry Styles,Mar-24,XBCS1143N,Application Development,B+,#N/A,UEIS,A0013@uow.edu.my,,,,,
192,A0013,Harry Styles,Mar-24,XBCS1183N,Database Management & Security,ct,Credit Transferred,UEIS,A0013@uow.edu.my,,,,,
193,A0013,Harry Styles,Mar-24,MPU3333N,Integrity and Anti Corruption,A-,#N/A,UEIS,A0013@uow.edu.my,,,,,
194,A0013,Harry Styles,Mar-24,MPU3323N,Malaysia and Global Issues,e,Exempted without Credit Transfer,UEIS,A0013@uow.edu.my,,,,,
195,A0013,Harry Styles,Mar-24,MPU3193N,Philosophy and Current Issues,C,#N/A,UEIS,A0013@uow.edu.my,,,,,
196,A0013,Harry Styles,Mar-24,XBCS1123N,Statistics,1,Retaking this semester,UEIS,A0013@uow.edu.my,,,,,
197,A0013,Harry Styles,Mar-24,XBCS1153N,System Analysis and Design,ct,Credit Transferred,UEIS,A0013@uow.edu.my,,,,,
198,A0013,Harry Styles,Mar-24,XBIS1034N,Foundation of Information Systems,ct,Credit Transferred,UEIS,A0013@uow.edu.my,,,,,
199,A0013,Harry Styles,Mar-24,XBCS2103N,Fundamentals of Object Oriented Programming,ct,Credit Transferred,UEIS,A0013@uow.edu.my,,,,,
200,A0013,Harry Styles,Mar-24,XBIS1044N,Enterprise Information Systems,A-,#N/A,UEIS,A0013@uow.edu.my,,,,,
201,A0013,Harry Styles,Mar-24,XBCS2163N,Database Management Systems,A-,#N/A,UEIS,A0013@uow.edu.my,,,,,
202,A0013,Harry Styles,Mar-24,XBIS2054N,Data Science,ct,Credit Transferred,UEIS,A0013@uow.edu.my,,,,,
203,A0013,Harry Styles,Mar-24,XBCS2013N,Principles of Software Engineering,ct,Credit Transferred,UEIS,A0013@uow.edu.my,,,,,
204,A0013,Harry Styles,Mar-24,XBCS2193N,HCI & User Experience,A,#N/A,UEIS,A0013@uow.edu.my,,,,,
205,A0013,Harry Styles,Mar-24,XBIS3014N,Enterprise Systems,B,#N/A,UEIS,A0013@uow.edu.my,,,,,
206,A0013,Harry Styles,Mar-24,MPU3242N,Global Social Responsibility,B+,#N/A,UEIS,A0013@uow.edu.my,,,,,
207,A0013,Harry Styles,Mar-24,XBIS2044N,Enterprise Architecture,A,#N/A,UEIS,A0013@uow.edu.my,,,,,
208,A0013,Harry Styles,Mar-24,XBIS3044N,Information System Strategy & Management,B+,#N/A,UEIS,A0013@uow.edu.my,,,,,
209,A0013,Harry Styles,Mar-24,XBIS3034N,Business Process Management,A,#N/A,UEIS,A0013@uow.edu.my,,,,,
210,A0013,Harry Styles,Mar-24,XBSE2044N,IT Project Management,A-,#N/A,UEIS,A0013@uow.edu.my,,,,,
211,A0013,Harry Styles,Mar-24,MPU3213,Bahasa Kebangsaan A,e,Exempted without Credit Transfer,UEIS,A0013@uow.edu.my,,,,,
212,A0013,Harry Styles,Mar-24,MPU3143N,Bahasa Melayu Komunikasi 2,e,Exempted without Credit Transfer,UEIS,A0013@uow.edu.my,,,,,
213,A0013,Harry Styles,Mar-24,MPU3123N,Tamadun Islam & Tamadun Asia,e,Exempted without Credit Transfer,UEIS,A0013@uow.edu.my,,,,,
214,A0013,Harry Styles,Mar-24,KBRM3014N,Research Methodology,e,Exempted without Credit Transfer,UEIS,A0013@uow.edu.my,,,,,
215,A0013,Harry Styles,Mar-24,BBLG2014N,Introduction to Logistic,1,Retaking this semester,UEIS,A0013@uow.edu.my,,,,,
216,A0013,Harry Styles,Mar-24,BBAC1024N,Management Accounting 1,1,Retaking this semester,UEIS,A0013@uow.edu.my,,,,,
217,A0014,Jenna Ortega,Jan-24,MPU3183N,Penghayatan Etika dan Peradaban,A-,#N/A,UEIS,A0014@uow.edu.my,,,,,
218,A0014,Jenna Ortega,Jan-24,KBEN1033N,Oral Communication,A-,#N/A,UEIS,A0014@uow.edu.my,,,,,
219,A0014,Jenna Ortega,Jan-24,XBCS1043N,Computing Mathematics,B-,#N/A,UEIS,A0014@uow.edu.my,,,,,
220,A0014,Jenna Ortega,Jan-24,XBCS1143N,Application Development,B-,#N/A,UEIS,A0014@uow.edu.my,,,,,
221,A0014,Jenna Ortega,Jan-24,XBCS1183N,Database Management & Security,1,Retaking this semester,UEIS,A0014@uow.edu.my,,,,,
222,A0014,Jenna Ortega,Jan-24,MPU3323N,Malaysia and Global Issues,e,Exempted without Credit Transfer,UEIS,A0014@uow.edu.my,,,,,
223,A0014,Jenna Ortega,Jan-24,MPU3193N,Philosophy and Current Issues,B-,#N/A,UEIS,A0014@uow.edu.my,,,,,
224,A0014,Jenna Ortega,Jan-24,XBCS1123N,Statistics,1,Retaking this semester,UEIS,A0014@uow.edu.my,,,,,
225,A0014,Jenna Ortega,Jan-24,XBCS1153N,System Analysis and Design,B-,#N/A,UEIS,A0014@uow.edu.my,,,,,
226,A0014,Jenna Ortega,Jan-24,XBIS1034N,Foundation of Information Systems,A-,#N/A,UEIS,A0014@uow.edu.my,,,,,
227,A0014,Jenna Ortega,Jan-24,XBCS2103N,Fundamentals of Object Oriented Programming,C,#N/A,UEIS,A0014@uow.edu.my,,,,,
228,A0014,Jenna Ortega,Jan-24,XBIS1044N,Enterprise Information Systems,B+,#N/A,UEIS,A0014@uow.edu.my,,,,,
229,A0014,Jenna Ortega,Jan-24,XBCS2163N,Database Management Systems,A,#N/A,UEIS,A0014@uow.edu.my,,,,,
230,A0014,Jenna Ortega,Jan-24,XBIS2054N,Data Science,B+,#N/A,UEIS,A0014@uow.edu.my,,,,,
231,A0014,Jenna Ortega,Jan-24,XBCS2013N,Principles of Software Engineering,A-,#N/A,UEIS,A0014@uow.edu.my,,,,,
232,A0014,Jenna Ortega,Jan-24,MPU3243N,Entrepreneurship,A-,#N/A,UEIS,A0014@uow.edu.my,,,,,
233,A0014,Jenna Ortega,Jan-24,XBCS2193N,HCI & User Experience,B+,#N/A,UEIS,A0014@uow.edu.my,,,,,
234,A0014,Jenna Ortega,Jan-24,MPU3242N,Global Social Responsibility,A,#N/A,UEIS,A0014@uow.edu.my,,,,,
235,A0014,Jenna Ortega,Jan-24,XBIS2044N,Enterprise Architecture,B,#N/A,UEIS,A0014@uow.edu.my,,,,,
236,A0014,Jenna Ortega,Jan-24,XBIS3034N,Business Process Management,A-,#N/A,UEIS,A0014@uow.edu.my,,,,,
237,A0014,Jenna Ortega,Jan-24,XBSE2044N,IT Project Management,A,#N/A,UEIS,A0014@uow.edu.my,,,,,
238,A0014,Jenna Ortega,Jan-24,MPU3213,Bahasa Kebangsaan A,e,Exempted without Credit Transfer,UEIS,A0014@uow.edu.my,,,,,
239,A0014,Jenna Ortega,Jan-24,MPU3143N,Bahasa Melayu Komunikasi 2,e,Exempted without Credit Transfer,UEIS,A0014@uow.edu.my,,,,,
240,A0014,Jenna Ortega,Jan-24,MPU3123N,Tamadun Islam & Tamadun Asia,e,Exempted without Credit Transfer,UEIS,A0014@uow.edu.my,,,,,
241,A0014,Jenna Ortega,Jan-24,KBRM3014N,Research Methodology,e,Exempted without Credit Transfer,UEIS,A0014@uow.edu.my,,,,,
242,A0014,Jenna Ortega,Jan-24,BBMK1014N,Principles of Marketing,1,Retaking this semester,UEIS,A0014@uow.edu.my,,,,,
243,A0014,Jenna Ortega,Jan-24,XBMC3014N,Internet and Web Development,1,Retaking this semester,UEIS,A0014@uow.edu.my,,,,,
244,A0015,Jungkook,Jan-24,MPU3183N,Penghayatan Etika dan Peradaban,A-,#N/A,UEIS,A0015@uow.edu.my,,,,,
245,A0015,Jungkook,Jan-24,KBEN1033N,Oral Communication,ct,Credit Transferred,UEIS,A0015@uow.edu.my,,,,,
246,A0015,Jungkook,Jan-24,XBCS1043N,Computing Mathematics,ct,Credit Transferred,UEIS,A0015@uow.edu.my,,,,,
247,A0015,Jungkook,Jan-24,XBCS1143N,Application Development,ct,Credit Transferred,UEIS,A0015@uow.edu.my,,,,,
248,A0015,Jungkook,Jan-24,XBCS1183N,Database Management & Security,B-,#N/A,UEIS,A0015@uow.edu.my,,,,,
249,A0015,Jungkook,Jan-24,MPU3333N,Integrity and Anti Corruption,1,Retaking this semester,UEIS,A0015@uow.edu.my,,,,,
250,A0015,Jungkook,Jan-24,MPU3323N,Malaysia and Global Issues,e,Exempted without Credit Transfer,UEIS,A0015@uow.edu.my,,,,,
251,A0015,Jungkook,Jan-24,MPU3193N,Philosophy and Current Issues,A-,#N/A,UEIS,A0015@uow.edu.my,,,,,
252,A0015,Jungkook,Jan-24,XBCS1123N,Statistics,B,#N/A,UEIS,A0015@uow.edu.my,,,,,
253,A0015,Jungkook,Jan-24,XBCS1153N,System Analysis and Design,ct,Credit Transferred,UEIS,A0015@uow.edu.my,,,,,
254,A0015,Jungkook,Jan-24,XBIS1034N,Foundation of Information Systems,B+,#N/A,UEIS,A0015@uow.edu.my,,,,,
255,A0015,Jungkook,Jan-24,XBCS2103N,Fundamentals of Object Oriented Programming,ct,Credit Transferred,UEIS,A0015@uow.edu.my,,,,,
256,A0015,Jungkook,Jan-24,XBIS1044N,Enterprise Information Systems,B+,#N/A,UEIS,A0015@uow.edu.my,,,,,
257,A0015,Jungkook,Jan-24,XBCS2163N,Database Management Systems,B,#N/A,UEIS,A0015@uow.edu.my,,,,,
258,A0015,Jungkook,Jan-24,XBIS2054N,Data Science,A,#N/A,UEIS,A0015@uow.edu.my,,,,,
259,A0015,Jungkook,Jan-24,XBCS2013N,Principles of Software Engineering,ct,Credit Transferred,UEIS,A0015@uow.edu.my,,,,,
260,A0015,Jungkook,Jan-24,MPU3243N,Entrepreneurship,A,#N/A,UEIS,A0015@uow.edu.my,,,,,
261,A0015,Jungkook,Jan-24,XBCS2193N,HCI & User Experience,A-,#N/A,UEIS,A0015@uow.edu.my,,,,,
262,A0015,Jungkook,Jan-24,XBIS2014N,IT Infrastructure,B+,#N/A,UEIS,A0015@uow.edu.my,,,,,
263,A0015,Jungkook,Jan-24,XBIS3014N,Enterprise Systems,B,#N/A,UEIS,A0015@uow.edu.my,,,,,
264,A0015,Jungkook,Jan-24,MPU3242N,Global Social Responsibility,ct,Credit Transferred,UEIS,A0015@uow.edu.my,,,,,
265,A0015,Jungkook,Jan-24,XBIS2044N,Enterprise Architecture,ct,Credit Transferred,UEIS,A0015@uow.edu.my,,,,,
266,A0015,Jungkook,Jan-24,XBIS3044N,Information System Strategy & Management,B-,#N/A,UEIS,A0015@uow.edu.my,,,,,
267,A0015,Jungkook,Jan-24,XBIS3034N,Business Process Management,B-,#N/A,UEIS,A0015@uow.edu.my,,,,,
268,A0015,Jungkook,Jan-24,XBSE2044N,IT Project Management,ct,Credit Transferred,UEIS,A0015@uow.edu.my,,,,,
269,A0015,Jungkook,Jan-24,XBCS2054N,Computer Ethics & Law,ct,Credit Transferred,UEIS,A0015@uow.edu.my,,,,,
270,A0015,Jungkook,Jan-24,XBFP3074M,Final Year Project 1,B+,#N/A,UEIS,A0015@uow.edu.my,,,,,
271,A0015,Jungkook,Jan-24,XBFP3084N,Final Year Project 2,n,To Take (n : registered for Next semester),UEIS,A0015@uow.edu.my,,,,,
272,A0015,Jungkook,Jan-24,MPU3213,Bahasa Kebangsaan A,e,Exempted without Credit Transfer,UEIS,A0015@uow.edu.my,,,,,
273,A0015,Jungkook,Jan-24,MPU3143N,Bahasa Melayu Komunikasi 2,e,Exempted without Credit Transfer,UEIS,A0015@uow.edu.my,,,,,
274,A0015,Jungkook,Jan-24,MPU3113,Hubungan Etnik,B+,#N/A,UEIS,A0015@uow.edu.my,,,,,
275,A0015,Jungkook,Jan-24,MPU3123N,Tamadun Islam & Tamadun Asia,B+,#N/A,UEIS,A0015@uow.edu.my,,,,,
276,A0015,Jungkook,Jan-24,KBRM3014N,Research Methodology,e,Exempted without Credit Transfer,UEIS,A0015@uow.edu.my,,,,,
277,A0015,Jungkook,Jan-24,BBFN1014N,Principles of Finance,D,#N/A,UEIS,A0015@uow.edu.my,,,,,
278,A0015,Jungkook,Jan-24,BBLG2014N,Introduction to Logistic,1,Retaking this semester,UEIS,A0015@uow.edu.my,,,,,
279,A0015,Jungkook,Jan-24,BBMG3024N,Strategic Management,B+,#N/A,UEIS,A0015@uow.edu.my,,,,,
280,A0015,Jungkook,Jan-24,BBMG2014N,Organizational Behaviour,B-,#N/A,UEIS,A0015@uow.edu.my,,,,,
281,A0015,Jungkook,Jan-24,XBMC3014N,Internet and Web Development,B+,#N/A,UEIS,A0015@uow.edu.my,,,,,
282,A0015,Jungkook,Jan-24,XBIS2034N,E-Commerce,ct,Credit Transferred,UEIS,A0015@uow.edu.my,,,,,
283,A0016,LeBron James,Jan-24,MPU3183N,Penghayatan Etika dan Peradaban,B+,#N/A,UEIS,A0016@uow.edu.my,,,,,
284,A0016,LeBron James,Jan-24,KBEN1033N,Oral Communication,A-,#N/A,UEIS,A0016@uow.edu.my,,,,,
285,A0016,LeBron James,Jan-24,XBCS1043N,Computing Mathematics,B,#N/A,UEIS,A0016@uow.edu.my,,,,,
286,A0016,LeBron James,Jan-24,XBCS1143N,Application Development,C,#N/A,UEIS,A0016@uow.edu.my,,,,,
287,A0016,LeBron James,Jan-24,XBCS1183N,Database Management & Security,A,#N/A,UEIS,A0016@uow.edu.my,,,,,
288,A0016,LeBron James,Jan-24,MPU3323N,Malaysia and Global Issues,B+,#N/A,UEIS,A0016@uow.edu.my,,,,,
289,A0016,LeBron James,Jan-24,MPU3193N,Philosophy and Current Issues,A,#N/A,UEIS,A0016@uow.edu.my,,,,,
290,A0016,LeBron James,Jan-24,XBCS1123N,Statistics,C+,#N/A,UEIS,A0016@uow.edu.my,,,,,
291,A0016,LeBron James,Jan-24,XBCS1153N,System Analysis and Design,A-,#N/A,UEIS,A0016@uow.edu.my,,,,,
292,A0016,LeBron James,Jan-24,XBIS1034N,Foundation of Information Systems,A,#N/A,UEIS,A0016@uow.edu.my,,,,,
293,A0016,LeBron James,Jan-24,XBCS2103N,Fundamentals of Object Oriented Programming,ct,Credit Transferred,UEIS,A0016@uow.edu.my,,,,,
294,A0016,LeBron James,Jan-24,XBCS2163N,Database Management Systems,A,#N/A,UEIS,A0016@uow.edu.my,,,,,
295,A0016,LeBron James,Jan-24,XBIS2054N,Data Science,A,#N/A,UEIS,A0016@uow.edu.my,,,,,
296,A0016,LeBron James,Jan-24,XBCS2013N,Principles of Software Engineering,A,#N/A,UEIS,A0016@uow.edu.my,,,,,
297,A0016,LeBron James,Jan-24,MPU3243N,Entrepreneurship,A,#N/A,UEIS,A0016@uow.edu.my,,,,,
298,A0016,LeBron James,Jan-24,XBCS2193N,HCI & User Experience,A,#N/A,UEIS,A0016@uow.edu.my,,,,,
299,A0016,LeBron James,Jan-24,XBIS2014N,IT Infrastructure,A-,#N/A,UEIS,A0016@uow.edu.my,,,,,
300,A0016,LeBron James,Jan-24,XBIS3014N,Enterprise Systems,A,#N/A,UEIS,A0016@uow.edu.my,,,,,
301,A0016,LeBron James,Jan-24,MPU3242N,Global Social Responsibility,B+,#N/A,UEIS,A0016@uow.edu.my,,,,,
302,A0016,LeBron James,Jan-24,XBIS2044N,Enterprise Architecture,A-,#N/A,UEIS,A0016@uow.edu.my,,,,,
303,A0016,LeBron James,Jan-24,XBIS3044N,Information System Strategy & Management,A-,#N/A,UEIS,A0016@uow.edu.my,,,,,
304,A0016,LeBron James,Jan-24,XBIS3034N,Business Process Management,A,#N/A,UEIS,A0016@uow.edu.my,,,,,
305,A0016,LeBron James,Jan-24,XBSE2044N,IT Project Management,A,#N/A,UEIS,A0016@uow.edu.my,,,,,
306,A0016,LeBron James,Jan-24,XBCS2054N,Computer Ethics & Law,A-,#N/A,UEIS,A0016@uow.edu.my,,,,,
307,A0016,LeBron James,Jan-24,XBFP3074M,Final Year Project 1,1,Retaking this semester,UEIS,A0016@uow.edu.my,,,,,
308,A0016,LeBron James,Jan-24,MPU3213,Bahasa Kebangsaan A,P,#N/A,UEIS,A0016@uow.edu.my,,,,,
309,A0016,LeBron James,Jan-24,MPU3143N,Bahasa Melayu Komunikasi 2,e,Exempted without Credit Transfer,UEIS,A0016@uow.edu.my,,,,,
310,A0016,LeBron James,Jan-24,MPU3113,Hubungan Etnik,e,Exempted without Credit Transfer,UEIS,A0016@uow.edu.my,,,,,
311,A0016,LeBron James,Jan-24,MPU3123N,Tamadun Islam & Tamadun Asia,e,Exempted without Credit Transfer,UEIS,A0016@uow.edu.my,,,,,
312,A0016,LeBron James,Jan-24,KBRM3014N,Research Methodology,e,Exempted without Credit Transfer,UEIS,A0016@uow.edu.my,,,,,
313,A0016,LeBron James,Jan-24,BBLG2014N,Introduction to Logistic,1,Retaking this semester,UEIS,A0016@uow.edu.my,,,,,
314,A0016,LeBron James,Jan-24,BBMG3024N,Strategic Management,A-,#N/A,UEIS,A0016@uow.edu.my,,,,,
315,A0016,LeBron James,Jan-24,BBMG2014N,Organizational Behaviour,A-,#N/A,UEIS,A0016@uow.edu.my,,,,,
316,A0016,LeBron James,Jan-24,XBMC3014N,Internet and Web Development,B+,#N/A,UEIS,A0016@uow.edu.my,,,,,
317,A0017,LeBron James,Oct-23,MPU3183N,Penghayatan Etika dan Peradaban,e,Exempted without Credit Transfer,UEIS,A0017@uow.edu.my,,,,,
318,A0017,LeBron James,Oct-23,KBEN1033N,Oral Communication,A+,#N/A,UEIS,A0017@uow.edu.my,,,,,
319,A0017,LeBron James,Oct-23,XBCS1043N,Computing Mathematics,B+,#N/A,UEIS,A0017@uow.edu.my,,,,,
320,A0017,LeBron James,Oct-23,XBCS1143N,Application Development,B,#N/A,UEIS,A0017@uow.edu.my,,,,,
321,A0017,LeBron James,Oct-23,XBCS1183N,Database Management & Security,1,Retaking this semester,UEIS,A0017@uow.edu.my,,,,,
322,A0017,LeBron James,Oct-23,MPU3333N,Integrity and Anti Corruption,A-,#N/A,UEIS,A0017@uow.edu.my,,,,,
323,A0017,LeBron James,Oct-23,MPU3323N,Malaysia and Global Issues,e,Exempted without Credit Transfer,UEIS,A0017@uow.edu.my,,,,,
324,A0017,LeBron James,Oct-23,MPU3193N,Philosophy and Current Issues,B-,#N/A,UEIS,A0017@uow.edu.my,,,,,
325,A0017,LeBron James,Oct-23,XBCS1123N,Statistics,1,Retaking this semester,UEIS,A0017@uow.edu.my,,,,,
326,A0017,LeBron James,Oct-23,XBCS1153N,System Analysis and Design,A-,#N/A,UEIS,A0017@uow.edu.my,,,,,
327,A0017,LeBron James,Oct-23,XBIS1034N,Foundation of Information Systems,A-,#N/A,UEIS,A0017@uow.edu.my,,,,,
328,A0017,LeBron James,Oct-23,XBCS2103N,Fundamentals of Object Oriented Programming,B-,#N/A,UEIS,A0017@uow.edu.my,,,,,
329,A0017,LeBron James,Oct-23,XBIS1044N,Enterprise Information Systems,A,#N/A,UEIS,A0017@uow.edu.my,,,,,
330,A0017,LeBron James,Oct-23,XBCS2163N,Database Management Systems,A-,#N/A,UEIS,A0017@uow.edu.my,,,,,
331,A0017,LeBron James,Oct-23,XBIS2054N,Data Science,A+,#N/A,UEIS,A0017@uow.edu.my,,,,,
332,A0017,LeBron James,Oct-23,XBCS2013N,Principles of Software Engineering,A-,#N/A,UEIS,A0017@uow.edu.my,,,,,
333,A0017,LeBron James,Oct-23,MPU3243N,Entrepreneurship,B+,#N/A,UEIS,A0017@uow.edu.my,,,,,
334,A0017,LeBron James,Oct-23,XBCS2193N,HCI & User Experience,A-,#N/A,UEIS,A0017@uow.edu.my,,,,,
335,A0017,LeBron James,Oct-23,MPU3242N,Global Social Responsibility,A,#N/A,UEIS,A0017@uow.edu.my,,,,,
336,A0017,LeBron James,Oct-23,XBIS2044N,Enterprise Architecture,A-,#N/A,UEIS,A0017@uow.edu.my,,,,,
337,A0017,LeBron James,Oct-23,XBIS3044N,Information System Strategy & Management,B+,#N/A,UEIS,A0017@uow.edu.my,,,,,
338,A0017,LeBron James,Oct-23,XBIS3034N,Business Process Management,A+,#N/A,UEIS,A0017@uow.edu.my,,,,,
339,A0017,LeBron James,Oct-23,XBSE2044N,IT Project Management,A+,#N/A,UEIS,A0017@uow.edu.my,,,,,
340,A0017,LeBron James,Oct-23,XBCS2054N,Computer Ethics & Law,A,#N/A,UEIS,A0017@uow.edu.my,,,,,
341,A0017,LeBron James,Oct-23,MPU3213,Bahasa Kebangsaan A,e,Exempted without Credit Transfer,UEIS,A0017@uow.edu.my,,,,,
342,A0017,LeBron James,Oct-23,MPU3143N,Bahasa Melayu Komunikasi 2,A+,#N/A,UEIS,A0017@uow.edu.my,,,,,
343,A0017,LeBron James,Oct-23,MPU3113,Hubungan Etnik,e,Exempted without Credit Transfer,UEIS,A0017@uow.edu.my,,,,,
344,A0017,LeBron James,Oct-23,MPU3123N,Tamadun Islam & Tamadun Asia,e,Exempted without Credit Transfer,UEIS,A0017@uow.edu.my,,,,,
345,A0017,LeBron James,Oct-23,KBRM3014N,Research Methodology,e,Exempted without Credit Transfer,UEIS,A0017@uow.edu.my,,,,,
346,A0017,LeBron James,Oct-23,BBMK1014N,Principles of Marketing,1,Retaking this semester,UEIS,A0017@uow.edu.my,,,,,
347,A0017,LeBron James,Oct-23,XBMC3014N,Internet and Web Development,1,Retaking this semester,UEIS,A0017@uow.edu.my,,,,,
348,A0018,Lionel Messi,Oct-23,MPU3183N,Penghayatan Etika dan Peradaban,A-,#N/A,UEIS,A0018@uow.edu.my,,,,,
349,A0018,Lionel Messi,Oct-23,KBEN1033N,Oral Communication,B+,#N/A,UEIS,A0018@uow.edu.my,,,,,
350,A0018,Lionel Messi,Oct-23,XBCS1043N,Computing Mathematics,C,#N/A,UEIS,A0018@uow.edu.my,,,,,
351,A0018,Lionel Messi,Oct-23,XBCS1143N,Application Development,C,#N/A,UEIS,A0018@uow.edu.my,,,,,
352,A0018,Lionel Messi,Oct-23,MPU3333N,Integrity and Anti Corruption,A-,#N/A,UEIS,A0018@uow.edu.my,,,,,
353,A0018,Lionel Messi,Oct-23,MPU3323N,Malaysia and Global Issues,e,Exempted without Credit Transfer,UEIS,A0018@uow.edu.my,,,,,
354,A0018,Lionel Messi,Oct-23,MPU3193N,Philosophy and Current Issues,B-,#N/A,UEIS,A0018@uow.edu.my,,,,,
355,A0018,Lionel Messi,Oct-23,XBCS1123N,Statistics,1,Retaking this semester,UEIS,A0018@uow.edu.my,,,,,
356,A0018,Lionel Messi,Oct-23,XBCS1153N,System Analysis and Design,B-,#N/A,UEIS,A0018@uow.edu.my,,,,,
357,A0018,Lionel Messi,Oct-23,XBIS1034N,Foundation of Information Systems,B+,#N/A,UEIS,A0018@uow.edu.my,,,,,
358,A0018,Lionel Messi,Oct-23,XBCS2103N,Fundamentals of Object Oriented Programming,C,#N/A,UEIS,A0018@uow.edu.my,,,,,
359,A0018,Lionel Messi,Oct-23,XBIS1044N,Enterprise Information Systems,B-,#N/A,UEIS,A0018@uow.edu.my,,,,,
360,A0018,Lionel Messi,Oct-23,XBCS2163N,Database Management Systems,A,#N/A,UEIS,A0018@uow.edu.my,,,,,
361,A0018,Lionel Messi,Oct-23,XBIS2054N,Data Science,B,#N/A,UEIS,A0018@uow.edu.my,,,,,
362,A0018,Lionel Messi,Oct-23,XBCS2013N,Principles of Software Engineering,A-,#N/A,UEIS,A0018@uow.edu.my,,,,,
363,A0018,Lionel Messi,Oct-23,MPU3243N,Entrepreneurship,A,#N/A,UEIS,A0018@uow.edu.my,,,,,
364,A0018,Lionel Messi,Oct-23,XBCS2193N,HCI & User Experience,B+,#N/A,UEIS,A0018@uow.edu.my,,,,,
365,A0018,Lionel Messi,Oct-23,XBIS3014N,Enterprise Systems,1,Retaking this semester,UEIS,A0018@uow.edu.my,,,,,
366,A0018,Lionel Messi,Oct-23,MPU3242N,Global Social Responsibility,A,#N/A,UEIS,A0018@uow.edu.my,,,,,
367,A0018,Lionel Messi,Oct-23,XBIS2044N,Enterprise Architecture,B+,#N/A,UEIS,A0018@uow.edu.my,,,,,
368,A0018,Lionel Messi,Oct-23,XBIS3044N,Information System Strategy & Management,B,#N/A,UEIS,A0018@uow.edu.my,,,,,
369,A0018,Lionel Messi,Oct-23,XBSE2044N,IT Project Management,B,#N/A,UEIS,A0018@uow.edu.my,,,,,
370,A0018,Lionel Messi,Oct-23,XBCS2054N,Computer Ethics & Law,B-,#N/A,UEIS,A0018@uow.edu.my,,,,,
371,A0018,Lionel Messi,Oct-23,MPU3123N,Tamadun Islam & Tamadun Asia,e,Exempted without Credit Transfer,UEIS,A0018@uow.edu.my,,,,,
372,A0018,Lionel Messi,Oct-23,KBRM3014N,Research Methodology,e,Exempted without Credit Transfer,UEIS,A0018@uow.edu.my,,,,,
373,A0018,Lionel Messi,Oct-23,BBLG2014N,Introduction to Logistic,1,Retaking this semester,UEIS,A0018@uow.edu.my,,,,,
374,A0018,Lionel Messi,Oct-23,BBMG2014N,Organizational Behaviour,A,#N/A,UEIS,A0018@uow.edu.my,,,,,
375,A0018,Lionel Messi,Oct-23,XBMC3014N,Internet and Web Development,1,Retaking this semester,UEIS,A0018@uow.edu.my,,,,,
376,A0019,James LeBron,Sep-23,KBEN1033N,Oral Communication,A+,#N/A,UEIS,A0019@uow.edu.my,,,,,
377,A0019,James LeBron,Sep-23,XBCS1043N,Computing Mathematics,C,#N/A,UEIS,A0019@uow.edu.my,,,,,
378,A0019,James LeBron,Sep-23,XBCS1143N,Application Development,C,#N/A,UEIS,A0019@uow.edu.my,,,,,
379,A0019,James LeBron,Sep-23,XBCS1183N,Database Management & Security,B+,#N/A,UEIS,A0019@uow.edu.my,,,,,
380,A0019,James LeBron,Sep-23,MPU3333N,Integrity and Anti Corruption,n,To Take (n : registered for Next semester),UEIS,A0019@uow.edu.my,,,,,
381,A0019,James LeBron,Sep-23,MPU3323N,Malaysia and Global Issues,e,Exempted without Credit Transfer,UEIS,A0019@uow.edu.my,,,,,
382,A0019,James LeBron,Sep-23,MPU3193N,Philosophy and Current Issues,B+,#N/A,UEIS,A0019@uow.edu.my,,,,,
383,A0019,James LeBron,Sep-23,XBCS1123N,Statistics,B-,#N/A,UEIS,A0019@uow.edu.my,,,,,
384,A0019,James LeBron,Sep-23,XBCS1153N,System Analysis and Design,B+,#N/A,UEIS,A0019@uow.edu.my,,,,,
385,A0019,James LeBron,Sep-23,XBIS1034N,Foundation of Information Systems,B,#N/A,UEIS,A0019@uow.edu.my,,,,,
386,A0019,James LeBron,Sep-23,XBCS2103N,Fundamentals of Object Oriented Programming,C+,#N/A,UEIS,A0019@uow.edu.my,,,,,
387,A0019,James LeBron,Sep-23,XBIS1044N,Enterprise Information Systems,A-,#N/A,UEIS,A0019@uow.edu.my,,,,,
388,A0019,James LeBron,Sep-23,XBCS2163N,Database Management Systems,B,#N/A,UEIS,A0019@uow.edu.my,,,,,
389,A0019,James LeBron,Sep-23,XBIS2054N,Data Science,A,#N/A,UEIS,A0019@uow.edu.my,,,,,
390,A0019,James LeBron,Sep-23,XBCS2013N,Principles of Software Engineering,B,#N/A,UEIS,A0019@uow.edu.my,,,,,
391,A0019,James LeBron,Sep-23,MPU3243N,Entrepreneurship,A,#N/A,UEIS,A0019@uow.edu.my,,,,,
392,A0019,James LeBron,Sep-23,XBCS2193N,HCI & User Experience,1,Retaking this semester,UEIS,A0019@uow.edu.my,,,,,
393,A0019,James LeBron,Sep-23,XBIS3014N,Enterprise Systems,A-,#N/A,UEIS,A0019@uow.edu.my,,,,,
394,A0019,James LeBron,Sep-23,MPU3242N,Global Social Responsibility,B+,#N/A,UEIS,A0019@uow.edu.my,,,,,
395,A0019,James LeBron,Sep-23,XBIS2044N,Enterprise Architecture,B-,#N/A,UEIS,A0019@uow.edu.my,,,,,
396,A0019,James LeBron,Sep-23,XBIS3044N,Information System Strategy & Management,A-,#N/A,UEIS,A0019@uow.edu.my,,,,,
397,A0019,James LeBron,Sep-23,XBIS3034N,Business Process Management,A,#N/A,UEIS,A0019@uow.edu.my,,,,,
398,A0019,James LeBron,Sep-23,XBSE2044N,IT Project Management,A,#N/A,UEIS,A0019@uow.edu.my,,,,,
399,A0019,James LeBron,Sep-23,XBCS2054N,Computer Ethics & Law,A,#N/A,UEIS,A0019@uow.edu.my,,,,,
400,A0019,James LeBron,Sep-23,MPU3213,Bahasa Kebangsaan A,e,Exempted without Credit Transfer,UEIS,A0019@uow.edu.my,,,,,
401,A0019,James LeBron,Sep-23,MPU3143N,Bahasa Melayu Komunikasi 2,e,Exempted without Credit Transfer,UEIS,A0019@uow.edu.my,,,,,
402,A0019,James LeBron,Sep-23,MPU3113,Hubungan Etnik,e,Exempted without Credit Transfer,UEIS,A0019@uow.edu.my,,,,,
403,A0019,James LeBron,Sep-23,MPU3123N,Tamadun Islam & Tamadun Asia,e,Exempted without Credit Transfer,UEIS,A0019@uow.edu.my,,,,,
404,A0019,James LeBron,Sep-23,KBRM3014N,Research Methodology,e,Exempted without Credit Transfer,UEIS,A0019@uow.edu.my,,,,,
405,A0019,James LeBron,Sep-23,BBMK1014N,Principles of Marketing,1,Retaking this semester,UEIS,A0019@uow.edu.my,,,,,
406,A0019,James LeBron,Sep-23,BBMG2014N,Organizational Behaviour,A-,#N/A,UEIS,A0019@uow.edu.my,,,,,
407,A0019,James LeBron,Sep-23,XBMC3014N,Internet and Web Development,A,#N/A,UEIS,A0019@uow.edu.my,,,,,
408,A0020,Max Verstappen,Jul-23,KBEN1033N,Oral Communication,B+,#N/A,UEIS,A0020@uow.edu.my,,,,,
409,A0020,Max Verstappen,Jul-23,XBCS1043N,Computing Mathematics,C+,#N/A,UEIS,A0020@uow.edu.my,,,,,
410,A0020,Max Verstappen,Jul-23,XBCS1143N,Application Development,C+,#N/A,UEIS,A0020@uow.edu.my,,,,,
411,A0020,Max Verstappen,Jul-23,XBCS1183N,Database Management & Security,B,#N/A,UEIS,A0020@uow.edu.my,,,,,
412,A0020,Max Verstappen,Jul-23,MPU3333N,Integrity and Anti Corruption,e,Exempted without Credit Transfer,UEIS,A0020@uow.edu.my,,,,,
413,A0020,Max Verstappen,Jul-23,MPU3323N,Malaysia and Global Issues,A,#N/A,UEIS,A0020@uow.edu.my,,,,,
414,A0020,Max Verstappen,Jul-23,MPU3193N,Philosophy and Current Issues,B,#N/A,UEIS,A0020@uow.edu.my,,,,,
415,A0020,Max Verstappen,Jul-23,XBCS1123N,Statistics,B,#N/A,UEIS,A0020@uow.edu.my,,,,,
416,A0020,Max Verstappen,Jul-23,XBCS1153N,System Analysis and Design,B,#N/A,UEIS,A0020@uow.edu.my,,,,,
417,A0020,Max Verstappen,Jul-23,XBIS1034N,Foundation of Information Systems,B+,#N/A,UEIS,A0020@uow.edu.my,,,,,
418,A0020,Max Verstappen,Jul-23,XBCS2103N,Fundamentals of Object Oriented Programming,B-,#N/A,UEIS,A0020@uow.edu.my,,,,,
419,A0020,Max Verstappen,Jul-23,XBIS1044N,Enterprise Information Systems,A-,#N/A,UEIS,A0020@uow.edu.my,,,,,
420,A0020,Max Verstappen,Jul-23,XBCS2163N,Database Management Systems,B+,#N/A,UEIS,A0020@uow.edu.my,,,,,
421,A0020,Max Verstappen,Jul-23,XBIS2054N,Data Science,A-,#N/A,UEIS,A0020@uow.edu.my,,,,,
422,A0020,Max Verstappen,Jul-23,XBCS2013N,Principles of Software Engineering,A,#N/A,UEIS,A0020@uow.edu.my,,,,,
423,A0020,Max Verstappen,Jul-23,MPU3243N,Entrepreneurship,A-,#N/A,UEIS,A0020@uow.edu.my,,,,,
424,A0020,Max Verstappen,Jul-23,XBCS2193N,HCI & User Experience,1,Retaking this semester,UEIS,A0020@uow.edu.my,,,,,
425,A0020,Max Verstappen,Jul-23,XBIS2014N,IT Infrastructure,A-,#N/A,UEIS,A0020@uow.edu.my,,,,,
426,A0020,Max Verstappen,Jul-23,XBIS3014N,Enterprise Systems,A,#N/A,UEIS,A0020@uow.edu.my,,,,,
427,A0020,Max Verstappen,Jul-23,MPU3242N,Global Social Responsibility,A,#N/A,UEIS,A0020@uow.edu.my,,,,,
428,A0020,Max Verstappen,Jul-23,XBIS2044N,Enterprise Architecture,B+,#N/A,UEIS,A0020@uow.edu.my,,,,,
429,A0020,Max Verstappen,Jul-23,XBIS3044N,Information System Strategy & Management,A-,#N/A,UEIS,A0020@uow.edu.my,,,,,
430,A0020,Max Verstappen,Jul-23,XBIS3034N,Business Process Management,B+,#N/A,UEIS,A0020@uow.edu.my,,,,,
431,A0020,Max Verstappen,Jul-23,XBSE2044N,IT Project Management,B,#N/A,UEIS,A0020@uow.edu.my,,,,,
432,A0020,Max Verstappen,Jul-23,XBCS2054N,Computer Ethics & Law,A-,#N/A,UEIS,A0020@uow.edu.my,,,,,
433,A0020,Max Verstappen,Jul-23,XBFP3074M,Final Year Project 1,1,Retaking this semester,UEIS,A0020@uow.edu.my,,,,,
434,A0020,Max Verstappen,Jul-23,MPU3123N,Tamadun Islam & Tamadun Asia,e,Exempted without Credit Transfer,UEIS,A0020@uow.edu.my,,,,,
435,A0020,Max Verstappen,Jul-23,KBRM3014N,Research Methodology,e,Exempted without Credit Transfer,UEIS,A0020@uow.edu.my,,,,,
436,A0020,Max Verstappen,Jul-23,BBMK1014N,Principles of Marketing,1,Retaking this semester,UEIS,A0020@uow.edu.my,,,,,
437,A0020,Max Verstappen,Jul-23,BBMG2014N,Organizational Behaviour,B+,#N/A,UEIS,A0020@uow.edu.my,,,,,
438,A0020,Max Verstappen,Jul-23,XBMC3014N,Internet and Web Development,B-,#N/A,UEIS,A0020@uow.edu.my,,,,,
439,A0021,Naomi Osaka,May-23,KBEN1033N,Oral Communication,A,#N/A,UEIS,A0021@uow.edu.my,,,,,
440,A0021,Naomi Osaka,May-23,XBCS1043N,Computing Mathematics,C,#N/A,UEIS,A0021@uow.edu.my,,,,,
441,A0021,Naomi Osaka,May-23,XBCS1143N,Application Development,C,#N/A,UEIS,A0021@uow.edu.my,,,,,
442,A0021,Naomi Osaka,May-23,XBCS1183N,Database Management & Security,A+,#N/A,UEIS,A0021@uow.edu.my,,,,,
443,A0021,Naomi Osaka,May-23,MPU3333N,Integrity and Anti Corruption,n,To Take (n : registered for Next semester),UEIS,A0021@uow.edu.my,,,,,
444,A0021,Naomi Osaka,May-23,MPU3323N,Malaysia and Global Issues,e,Exempted without Credit Transfer,UEIS,A0021@uow.edu.my,,,,,
445,A0021,Naomi Osaka,May-23,MPU3193N,Philosophy and Current Issues,A,#N/A,UEIS,A0021@uow.edu.my,,,,,
446,A0021,Naomi Osaka,May-23,XBCS1123N,Statistics,B+,#N/A,UEIS,A0021@uow.edu.my,,,,,
447,A0021,Naomi Osaka,May-23,XBCS1153N,System Analysis and Design,A,#N/A,UEIS,A0021@uow.edu.my,,,,,
448,A0021,Naomi Osaka,May-23,XBIS1034N,Foundation of Information Systems,B+,#N/A,UEIS,A0021@uow.edu.my,,,,,
449,A0021,Naomi Osaka,May-23,XBCS2103N,Fundamentals of Object Oriented Programming,C+,#N/A,UEIS,A0021@uow.edu.my,,,,,
450,A0021,Naomi Osaka,May-23,XBIS1044N,Enterprise Information Systems,A-,#N/A,UEIS,A0021@uow.edu.my,,,,,
451,A0021,Naomi Osaka,May-23,XBCS2163N,Database Management Systems,A+,#N/A,UEIS,A0021@uow.edu.my,,,,,
452,A0021,Naomi Osaka,May-23,XBIS2054N,Data Science,A+,#N/A,UEIS,A0021@uow.edu.my,,,,,
453,A0021,Naomi Osaka,May-23,XBCS2013N,Principles of Software Engineering,A+,#N/A,UEIS,A0021@uow.edu.my,,,,,
454,A0021,Naomi Osaka,May-23,MPU3243N,Entrepreneurship,A+,#N/A,UEIS,A0021@uow.edu.my,,,,,
455,A0021,Naomi Osaka,May-23,XBCS2193N,HCI & User Experience,A,#N/A,UEIS,A0021@uow.edu.my,,,,,
456,A0021,Naomi Osaka,May-23,XBIS2014N,IT Infrastructure,A,#N/A,UEIS,A0021@uow.edu.my,,,,,
457,A0021,Naomi Osaka,May-23,XBIS3014N,Enterprise Systems,A+,#N/A,UEIS,A0021@uow.edu.my,,,,,
458,A0021,Naomi Osaka,May-23,MPU3242N,Global Social Responsibility,A,#N/A,UEIS,A0021@uow.edu.my,,,,,
459,A0021,Naomi Osaka,May-23,XBIS2044N,Enterprise Architecture,A+,#N/A,UEIS,A0021@uow.edu.my,,,,,
460,A0021,Naomi Osaka,May-23,XBIS3044N,Information System Strategy & Management,A+,#N/A,UEIS,A0021@uow.edu.my,,,,,
461,A0021,Naomi Osaka,May-23,XBIS3034N,Business Process Management,A+,#N/A,UEIS,A0021@uow.edu.my,,,,,
462,A0021,Naomi Osaka,May-23,XBSE2044N,IT Project Management,A+,#N/A,UEIS,A0021@uow.edu.my,,,,,
463,A0021,Naomi Osaka,May-23,XBCS2054N,Computer Ethics & Law,A,#N/A,UEIS,A0021@uow.edu.my,,,,,
464,A0021,Naomi Osaka,May-23,XBFP3074M,Final Year Project 1,1,Retaking this semester,UEIS,A0021@uow.edu.my,,,,,
465,A0021,Naomi Osaka,May-23,MPU3213,Bahasa Kebangsaan A,e,Exempted without Credit Transfer,UEIS,A0021@uow.edu.my,,,,,
466,A0021,Naomi Osaka,May-23,MPU3123N,Tamadun Islam & Tamadun Asia,e,Exempted without Credit Transfer,UEIS,A0021@uow.edu.my,,,,,
467,A0021,Naomi Osaka,May-23,KBRM3014N,Research Methodology,e,Exempted without Credit Transfer,UEIS,A0021@uow.edu.my,,,,,
468,A0021,Naomi Osaka,May-23,BBLG2014N,Introduction to Logistic,1,Retaking this semester,UEIS,A0021@uow.edu.my,,,,,
469,A0021,Naomi Osaka,May-23,BBMG3024N,Strategic Management,A,#N/A,UEIS,A0021@uow.edu.my,,,,,
470,A0021,Naomi Osaka,May-23,BBMG2014N,Organizational Behaviour,A,#N/A,UEIS,A0021@uow.edu.my,,,,,
471,A0021,Naomi Osaka,May-23,XBMC3014N,Internet and Web Development,B+,#N/A,UEIS,A0021@uow.edu.my,,,,,
472,A0022,Novak Djokovic,Mar-23,MPU3183N,Penghayatan Etika dan Peradaban,B+,#N/A,UEIS,A0022@uow.edu.my,,,,,
473,A0022,Novak Djokovic,Mar-23,KBEN1033N,Oral Communication,A+,#N/A,UEIS,A0022@uow.edu.my,,,,,
474,A0022,Novak Djokovic,Mar-23,XBCS1043N,Computing Mathematics,B-,#N/A,UEIS,A0022@uow.edu.my,,,,,
475,A0022,Novak Djokovic,Mar-23,XBCS1143N,Application Development,A-,#N/A,UEIS,A0022@uow.edu.my,,,,,
476,A0022,Novak Djokovic,Mar-23,XBCS1183N,Database Management & Security,A-,#N/A,UEIS,A0022@uow.edu.my,,,,,
477,A0022,Novak Djokovic,Mar-23,MPU3333N,Integrity and Anti Corruption,e,Exempted without Credit Transfer,UEIS,A0022@uow.edu.my,,,,,
478,A0022,Novak Djokovic,Mar-23,MPU3323N,Malaysia and Global Issues,B,#N/A,UEIS,A0022@uow.edu.my,,,,,
479,A0022,Novak Djokovic,Mar-23,MPU3193N,Philosophy and Current Issues,B,#N/A,UEIS,A0022@uow.edu.my,,,,,
480,A0022,Novak Djokovic,Mar-23,XBCS1123N,Statistics,1,Retaking this semester,UEIS,A0022@uow.edu.my,,,,,
481,A0022,Novak Djokovic,Mar-23,XBCS1153N,System Analysis and Design,A,#N/A,UEIS,A0022@uow.edu.my,,,,,
482,A0022,Novak Djokovic,Mar-23,XBIS1034N,Foundation of Information Systems,A,#N/A,UEIS,A0022@uow.edu.my,,,,,
483,A0022,Novak Djokovic,Mar-23,XBCS2103N,Fundamentals of Object Oriented Programming,B+,#N/A,UEIS,A0022@uow.edu.my,,,,,
484,A0022,Novak Djokovic,Mar-23,XBIS1044N,Enterprise Information Systems,ct,Credit Transferred,UEIS,A0022@uow.edu.my,,,,,
485,A0022,Novak Djokovic,Mar-23,XBCS2163N,Database Management Systems,A,#N/A,UEIS,A0022@uow.edu.my,,,,,
486,A0022,Novak Djokovic,Mar-23,XBIS2054N,Data Science,A,#N/A,UEIS,A0022@uow.edu.my,,,,,
487,A0022,Novak Djokovic,Mar-23,XBCS2013N,Principles of Software Engineering,A,#N/A,UEIS,A0022@uow.edu.my,,,,,
488,A0022,Novak Djokovic,Mar-23,XBCS2193N,HCI & User Experience,ct,Credit Transferred,UEIS,A0022@uow.edu.my,,,,,
489,A0022,Novak Djokovic,Mar-23,XBIS3014N,Enterprise Systems,1,Retaking this semester,UEIS,A0022@uow.edu.my,,,,,
490,A0022,Novak Djokovic,Mar-23,MPU3242N,Global Social Responsibility,B+,#N/A,UEIS,A0022@uow.edu.my,,,,,
491,A0022,Novak Djokovic,Mar-23,XBIS3044N,Information System Strategy & Management,1,Retaking this semester,UEIS,A0022@uow.edu.my,,,,,
492,A0022,Novak Djokovic,Mar-23,XBIS3034N,Business Process Management,A,#N/A,UEIS,A0022@uow.edu.my,,,,,
493,A0022,Novak Djokovic,Mar-23,XBSE2044N,IT Project Management,B+,#N/A,UEIS,A0022@uow.edu.my,,,,,
494,A0022,Novak Djokovic,Mar-23,MPU3123N,Tamadun Islam & Tamadun Asia,e,Exempted without Credit Transfer,UEIS,A0022@uow.edu.my,,,,,
495,A0022,Novak Djokovic,Mar-23,KBRM3014N,Research Methodology,e,Exempted without Credit Transfer,UEIS,A0022@uow.edu.my,,,,,
496,A0022,Novak Djokovic,Mar-23,BBFN1014N,Principles of Finance,B+,#N/A,UEIS,A0022@uow.edu.my,,,,,
497,A0022,Novak Djokovic,Mar-23,BBLG2014N,Introduction to Logistic,1,Retaking this semester,UEIS,A0022@uow.edu.my,,,,,
498,A0022,Novak Djokovic,Mar-23,BBMG2014N,Organizational Behaviour,A-,#N/A,UEIS,A0022@uow.edu.my,,,,,
499,A0022,Novak Djokovic,Mar-23,XBMC3014N,Internet and Web Development,ct,Credit Transferred,UEIS,A0022@uow.edu.my,,,,,
500,A0022,Novak Djokovic,Mar-23,XBIS2034N,E-Commerce,ct,Credit Transferred,UEIS,A0022@uow.edu.my,,,,,
501,A0023,Olivia Rodrigo,Jan-23,MPU3183N,Penghayatan Etika dan Peradaban,B-,#N/A,UEIS,A0023@uow.edu.my,,,,,
502,A0023,Olivia Rodrigo,Jan-23,KBEN1033N,Oral Communication,B+,#N/A,UEIS,A0023@uow.edu.my,,,,,
503,A0023,Olivia Rodrigo,Jan-23,XBCS1043N,Computing Mathematics,C+,#N/A,UEIS,A0023@uow.edu.my,,,,,
504,A0023,Olivia Rodrigo,Jan-23,XBCS1143N,Application Development,C,#N/A,UEIS,A0023@uow.edu.my,,,,,
505,A0023,Olivia Rodrigo,Jan-23,XBCS1183N,Database Management & Security,B+,#N/A,UEIS,A0023@uow.edu.my,,,,,
506,A0023,Olivia Rodrigo,Jan-23,MPU3333N,Integrity and Anti Corruption,e,Exempted without Credit Transfer,UEIS,A0023@uow.edu.my,,,,,
507,A0023,Olivia Rodrigo,Jan-23,MPU3323N,Malaysia and Global Issues,A-,#N/A,UEIS,A0023@uow.edu.my,,,,,
508,A0023,Olivia Rodrigo,Jan-23,MPU3193N,Philosophy and Current Issues,B-,#N/A,UEIS,A0023@uow.edu.my,,,,,
509,A0023,Olivia Rodrigo,Jan-23,XBCS1123N,Statistics,C,#N/A,UEIS,A0023@uow.edu.my,,,,,
510,A0023,Olivia Rodrigo,Jan-23,XBCS1153N,System Analysis and Design,B+,#N/A,UEIS,A0023@uow.edu.my,,,,,
511,A0023,Olivia Rodrigo,Jan-23,XBIS1034N,Foundation of Information Systems,B+,#N/A,UEIS,A0023@uow.edu.my,,,,,
512,A0023,Olivia Rodrigo,Jan-23,XBCS2103N,Fundamentals of Object Oriented Programming,C,#N/A,UEIS,A0023@uow.edu.my,,,,,
513,A0023,Olivia Rodrigo,Jan-23,XBIS1044N,Enterprise Information Systems,A-,#N/A,UEIS,A0023@uow.edu.my,,,,,
514,A0023,Olivia Rodrigo,Jan-23,XBCS2163N,Database Management Systems,A-,#N/A,UEIS,A0023@uow.edu.my,,,,,
515,A0023,Olivia Rodrigo,Jan-23,XBIS2054N,Data Science,A-,#N/A,UEIS,A0023@uow.edu.my,,,,,
516,A0023,Olivia Rodrigo,Jan-23,XBCS2013N,Principles of Software Engineering,A-,#N/A,UEIS,A0023@uow.edu.my,,,,,
517,A0023,Olivia Rodrigo,Jan-23,MPU3243N,Entrepreneurship,A,#N/A,UEIS,A0023@uow.edu.my,,,,,
518,A0023,Olivia Rodrigo,Jan-23,XBCS2193N,HCI & User Experience,A-,#N/A,UEIS,A0023@uow.edu.my,,,,,
519,A0023,Olivia Rodrigo,Jan-23,XBIS2014N,IT Infrastructure,A-,#N/A,UEIS,A0023@uow.edu.my,,,,,
520,A0023,Olivia Rodrigo,Jan-23,XBIS3014N,Enterprise Systems,A,#N/A,UEIS,A0023@uow.edu.my,,,,,
521,A0023,Olivia Rodrigo,Jan-23,MPU3242N,Global Social Responsibility,B+,#N/A,UEIS,A0023@uow.edu.my,,,,,
522,A0023,Olivia Rodrigo,Jan-23,XBIS2044N,Enterprise Architecture,A-,#N/A,UEIS,A0023@uow.edu.my,,,,,
523,A0023,Olivia Rodrigo,Jan-23,XBIS3044N,Information System Strategy & Management,A+,#N/A,UEIS,A0023@uow.edu.my,,,,,
524,A0023,Olivia Rodrigo,Jan-23,XBIS3034N,Business Process Management,A+,#N/A,UEIS,A0023@uow.edu.my,,,,,
525,A0023,Olivia Rodrigo,Jan-23,XBSE2044N,IT Project Management,A,#N/A,UEIS,A0023@uow.edu.my,,,,,
526,A0023,Olivia Rodrigo,Jan-23,XBCS2054N,Computer Ethics & Law,A-,#N/A,UEIS,A0023@uow.edu.my,,,,,
527,A0023,Olivia Rodrigo,Jan-23,MPU3123N,Tamadun Islam & Tamadun Asia,e,Exempted without Credit Transfer,UEIS,A0023@uow.edu.my,,,,,
528,A0023,Olivia Rodrigo,Jan-23,KBRM3014N,Research Methodology,e,Exempted without Credit Transfer,UEIS,A0023@uow.edu.my,,,,,
529,A0023,Olivia Rodrigo,Jan-23,BBLG2034N,Supply Chain Management,1,Retaking this semester,UEIS,A0023@uow.edu.my,,,,,
530,A0023,Olivia Rodrigo,Jan-23,BBMG3024N,Strategic Management,B+,#N/A,UEIS,A0023@uow.edu.my,,,,,
531,A0023,Olivia Rodrigo,Jan-23,XBCS2094N,GUI Programming,1,Retaking this semester,UEIS,A0023@uow.edu.my,,,,,
532,A0023,Olivia Rodrigo,Jan-23,XBCS2064N,Integrative Consultancy Project,1,Retaking this semester,UEIS,A0023@uow.edu.my,,,,,
533,A0023,Olivia Rodrigo,Jan-23,XBMC3014N,Internet and Web Development,B+,#N/A,UEIS,A0023@uow.edu.my,,,,,
534,A0024,Pedro Pascal,Sep-22,MPU3183N,Penghayatan Etika dan Peradaban,C+,#N/A,UEIS,A0024@uow.edu.my,,,,,
535,A0024,Pedro Pascal,Sep-22,KBEN1033N,Oral Communication,A,#N/A,UEIS,A0024@uow.edu.my,,,,,
536,A0024,Pedro Pascal,Sep-22,XBCS1043N,Computing Mathematics,C+,#N/A,UEIS,A0024@uow.edu.my,,,,,
537,A0024,Pedro Pascal,Sep-22,XBCS1143N,Application Development,C,#N/A,UEIS,A0024@uow.edu.my,,,,,
538,A0024,Pedro Pascal,Sep-22,XBCS1183N,Database Management & Security,A-,#N/A,UEIS,A0024@uow.edu.my,,,,,
539,A0024,Pedro Pascal,Sep-22,MPU3333N,Integrity and Anti Corruption,e,Exempted without Credit Transfer,UEIS,A0024@uow.edu.my,,,,,
540,A0024,Pedro Pascal,Sep-22,MPU3323N,Malaysia and Global Issues,B+,#N/A,UEIS,A0024@uow.edu.my,,,,,
541,A0024,Pedro Pascal,Sep-22,MPU3193N,Philosophy and Current Issues,B,#N/A,UEIS,A0024@uow.edu.my,,,,,
542,A0024,Pedro Pascal,Sep-22,XBCS1123N,Statistics,1,Retaking this semester,UEIS,A0024@uow.edu.my,,,,,
543,A0024,Pedro Pascal,Sep-22,XBCS1153N,System Analysis and Design,B+,#N/A,UEIS,A0024@uow.edu.my,,,,,
544,A0024,Pedro Pascal,Sep-22,XBIS1034N,Foundation of Information Systems,A,#N/A,UEIS,A0024@uow.edu.my,,,,,
545,A0024,Pedro Pascal,Sep-22,XBCS2103N,Fundamentals of Object Oriented Programming,C+,#N/A,UEIS,A0024@uow.edu.my,,,,,
546,A0024,Pedro Pascal,Sep-22,XBIS1044N,Enterprise Information Systems,A,#N/A,UEIS,A0024@uow.edu.my,,,,,
547,A0024,Pedro Pascal,Sep-22,XBCS2163N,Database Management Systems,A-,#N/A,UEIS,A0024@uow.edu.my,,,,,
548,A0024,Pedro Pascal,Sep-22,XBIS2054N,Data Science,A,#N/A,UEIS,A0024@uow.edu.my,,,,,
549,A0024,Pedro Pascal,Sep-22,XBCS2013N,Principles of Software Engineering,A-,#N/A,UEIS,A0024@uow.edu.my,,,,,
550,A0024,Pedro Pascal,Sep-22,MPU3243N,Entrepreneurship,A,#N/A,UEIS,A0024@uow.edu.my,,,,,
551,A0024,Pedro Pascal,Sep-22,XBCS2193N,HCI & User Experience,B+,#N/A,UEIS,A0024@uow.edu.my,,,,,
552,A0024,Pedro Pascal,Sep-22,XBIS2014N,IT Infrastructure,A-,#N/A,UEIS,A0024@uow.edu.my,,,,,
553,A0024,Pedro Pascal,Sep-22,XBIS3014N,Enterprise Systems,1,Retaking this semester,UEIS,A0024@uow.edu.my,,,,,
554,A0024,Pedro Pascal,Sep-22,MPU3242N,Global Social Responsibility,A-,#N/A,UEIS,A0024@uow.edu.my,,,,,
555,A0024,Pedro Pascal,Sep-22,XBIS2044N,Enterprise Architecture,A,#N/A,UEIS,A0024@uow.edu.my,,,,,
556,A0024,Pedro Pascal,Sep-22,XBIS3044N,Information System Strategy & Management,1,Retaking this semester,UEIS,A0024@uow.edu.my,,,,,
557,A0024,Pedro Pascal,Sep-22,XBSE2044N,IT Project Management,ct,Credit Transferred,UEIS,A0024@uow.edu.my,,,,,
558,A0024,Pedro Pascal,Sep-22,XBFP3074M,Final Year Project 1,1,Retaking this semester,UEIS,A0024@uow.edu.my,,,,,
559,A0024,Pedro Pascal,Sep-22,MPU3123N,Tamadun Islam & Tamadun Asia,e,Exempted without Credit Transfer,UEIS,A0024@uow.edu.my,,,,,
560,A0024,Pedro Pascal,Sep-22,KBRM3014N,Research Methodology,e,Exempted without Credit Transfer,UEIS,A0024@uow.edu.my,,,,,
561,A0024,Pedro Pascal,Sep-22,BBFN1014N,Principles of Finance,B-,#N/A,UEIS,A0024@uow.edu.my,,,,,
562,A0024,Pedro Pascal,Sep-22,BBMG3024N,Strategic Management,A-,#N/A,UEIS,A0024@uow.edu.my,,,,,
563,A0024,Pedro Pascal,Sep-22,BBMG2014N,Organizational Behaviour,A-,#N/A,UEIS,A0024@uow.edu.my,,,,,
564,A0024,Pedro Pascal,Sep-22,XBCS2094N,GUI Programming,ct,Credit Transferred,UEIS,A0024@uow.edu.my,,,,,
565,A0024,Pedro Pascal,Sep-22,XBMC3014N,Internet and Web Development,ct,Credit Transferred,UEIS,A0024@uow.edu.my,,,,,
566,A0024,Pedro Pascal,Sep-22,XBIS2034N,E-Commerce,ct,Credit Transferred,UEIS,A0024@uow.edu.my,,,,,
567,A0025,Simone Biles,Sep-22,MPU3183N,Penghayatan Etika dan Peradaban,B-,#N/A,UEIS,A0025@uow.edu.my,,,,,
568,A0025,Simone Biles,Sep-22,KBEN1033N,Oral Communication,B+,#N/A,UEIS,A0025@uow.edu.my,,,,,
569,A0025,Simone Biles,Sep-22,XBCS1043N,Computing Mathematics,1,Retaking this semester,UEIS,A0025@uow.edu.my,,,,,
570,A0025,Simone Biles,Sep-22,XBCS1143N,Application Development,C,#N/A,UEIS,A0025@uow.edu.my,,,,,
571,A0025,Simone Biles,Sep-22,XBCS1183N,Database Management & Security,1,Retaking this semester,UEIS,A0025@uow.edu.my,,,,,
572,A0025,Simone Biles,Sep-22,MPU3333N,Integrity and Anti Corruption,e,Exempted without Credit Transfer,UEIS,A0025@uow.edu.my,,,,,
573,A0025,Simone Biles,Sep-22,MPU3323N,Malaysia and Global Issues,B+,#N/A,UEIS,A0025@uow.edu.my,,,,,
574,A0025,Simone Biles,Sep-22,XBCS1123N,Statistics,1,Retaking this semester,UEIS,A0025@uow.edu.my,,,,,
575,A0025,Simone Biles,Sep-22,XBCS1153N,System Analysis and Design,C,#N/A,UEIS,A0025@uow.edu.my,,,,,
576,A0025,Simone Biles,Sep-22,XBIS1034N,Foundation of Information Systems,B-,#N/A,UEIS,A0025@uow.edu.my,,,,,
577,A0025,Simone Biles,Sep-22,XBCS2103N,Fundamentals of Object Oriented Programming,D,#N/A,UEIS,A0025@uow.edu.my,,,,,
578,A0025,Simone Biles,Sep-22,XBIS1044N,Enterprise Information Systems,C+,#N/A,UEIS,A0025@uow.edu.my,,,,,
579,A0025,Simone Biles,Sep-22,XBCS2163N,Database Management Systems,B,#N/A,UEIS,A0025@uow.edu.my,,,,,
580,A0025,Simone Biles,Sep-22,XBIS2054N,Data Science,C,#N/A,UEIS,A0025@uow.edu.my,,,,,
581,A0025,Simone Biles,Sep-22,XBCS2013N,Principles of Software Engineering,B-,#N/A,UEIS,A0025@uow.edu.my,,,,,
582,A0025,Simone Biles,Sep-22,MPU3243N,Entrepreneurship,1,Retaking this semester,UEIS,A0025@uow.edu.my,,,,,
583,A0025,Simone Biles,Sep-22,XBCS2193N,HCI & User Experience,C+,#N/A,UEIS,A0025@uow.edu.my,,,,,
584,A0025,Simone Biles,Sep-22,XBIS2014N,IT Infrastructure,B-,#N/A,UEIS,A0025@uow.edu.my,,,,,
585,A0025,Simone Biles,Sep-22,XBIS3014N,Enterprise Systems,C,#N/A,UEIS,A0025@uow.edu.my,,,,,
586,A0025,Simone Biles,Sep-22,MPU3242N,Global Social Responsibility,B+,#N/A,UEIS,A0025@uow.edu.my,,,,,
587,A0025,Simone Biles,Sep-22,XBIS2044N,Enterprise Architecture,C+,#N/A,UEIS,A0025@uow.edu.my,,,,,
588,A0025,Simone Biles,Sep-22,XBIS3044N,Information System Strategy & Management,B-,#N/A,UEIS,A0025@uow.edu.my,,,,,
589,A0025,Simone Biles,Sep-22,XBIS3034N,Business Process Management,B,#N/A,UEIS,A0025@uow.edu.my,,,,,
590,A0025,Simone Biles,Sep-22,XBSE2044N,IT Project Management,B,#N/A,UEIS,A0025@uow.edu.my,,,,,
591,A0025,Simone Biles,Sep-22,XBCS2054N,Computer Ethics & Law,C,#N/A,UEIS,A0025@uow.edu.my,,,,,
592,A0025,Simone Biles,Sep-22,XBFP3074M,Final Year Project 1,B+,#N/A,UEIS,A0025@uow.edu.my,,,,,
593,A0025,Simone Biles,Sep-22,XBFP3084N,Final Year Project 2,B,#N/A,UEIS,A0025@uow.edu.my,,,,,
594,A0025,Simone Biles,Sep-22,MPU3213,Bahasa Kebangsaan A,P,#N/A,UEIS,A0025@uow.edu.my,,,,,
595,A0025,Simone Biles,Sep-22,MPU3143N,Bahasa Melayu Komunikasi 2,e,Exempted without Credit Transfer,UEIS,A0025@uow.edu.my,,,,,
596,A0025,Simone Biles,Sep-22,MPU3123N,Tamadun Islam & Tamadun Asia,e,Exempted without Credit Transfer,UEIS,A0025@uow.edu.my,,,,,
597,A0025,Simone Biles,Sep-22,KBRM3014N,Research Methodology,e,Exempted without Credit Transfer,UEIS,A0025@uow.edu.my,,,,,
598,A0025,Simone Biles,Sep-22,BBMK1014N,Principles of Marketing,1,Retaking this semester,UEIS,A0025@uow.edu.my,,,,,
599,A0025,Simone Biles,Sep-22,BBLG2034N,Supply Chain Management,B+,#N/A,UEIS,A0025@uow.edu.my,,,,,
600,A0025,Simone Biles,Sep-22,BBLG2014N,Introduction to Logistic,B,#N/A,UEIS,A0025@uow.edu.my,,,,,
601,A0025,Simone Biles,Sep-22,XBCS2124N,Computational Intelligence,C,#N/A,UEIS,A0025@uow.edu.my,,,,,
602,A0025,Simone Biles,Sep-22,XBMC3014N,Internet and Web Development,B+,#N/A,UEIS,A0025@uow.edu.my,,,,,
603,A0026,Sydney Sweeney,Sep-22,MPU3183N,Penghayatan Etika dan Peradaban,B-,#N/A,UEIS,A0026@uow.edu.my,,,,,
604,A0026,Sydney Sweeney,Sep-22,KBEN1033N,Oral Communication,A,#N/A,UEIS,A0026@uow.edu.my,,,,,
605,A0026,Sydney Sweeney,Sep-22,XBCS1043N,Computing Mathematics,B-,#N/A,UEIS,A0026@uow.edu.my,,,,,
606,A0026,Sydney Sweeney,Sep-22,XBCS1143N,Application Development,C,#N/A,UEIS,A0026@uow.edu.my,,,,,
607,A0026,Sydney Sweeney,Sep-22,XBCS1183N,Database Management & Security,B,#N/A,UEIS,A0026@uow.edu.my,,,,,
608,A0026,Sydney Sweeney,Sep-22,MPU3333N,Integrity and Anti Corruption,e,Exempted without Credit Transfer,UEIS,A0026@uow.edu.my,,,,,
609,A0026,Sydney Sweeney,Sep-22,MPU3323N,Malaysia and Global Issues,B,#N/A,UEIS,A0026@uow.edu.my,,,,,
610,A0026,Sydney Sweeney,Sep-22,MPU3193N,Philosophy and Current Issues,B-,#N/A,UEIS,A0026@uow.edu.my,,,,,
611,A0026,Sydney Sweeney,Sep-22,XBCS1123N,Statistics,B,#N/A,UEIS,A0026@uow.edu.my,,,,,
612,A0026,Sydney Sweeney,Sep-22,XBCS1153N,System Analysis and Design,B,#N/A,UEIS,A0026@uow.edu.my,,,,,
613,A0026,Sydney Sweeney,Sep-22,XBIS1034N,Foundation of Information Systems,C+,#N/A,UEIS,A0026@uow.edu.my,,,,,
614,A0026,Sydney Sweeney,Sep-22,XBCS2103N,Fundamentals of Object Oriented Programming,C,#N/A,UEIS,A0026@uow.edu.my,,,,,
615,A0026,Sydney Sweeney,Sep-22,XBIS1044N,Enterprise Information Systems,C,#N/A,UEIS,A0026@uow.edu.my,,,,,
616,A0026,Sydney Sweeney,Sep-22,XBCS2163N,Database Management Systems,C+,#N/A,UEIS,A0026@uow.edu.my,,,,,
617,A0026,Sydney Sweeney,Sep-22,XBIS2054N,Data Science,C+,#N/A,UEIS,A0026@uow.edu.my,,,,,
618,A0026,Sydney Sweeney,Sep-22,XBCS2013N,Principles of Software Engineering,C,#N/A,UEIS,A0026@uow.edu.my,,,,,
619,A0026,Sydney Sweeney,Sep-22,MPU3243N,Entrepreneurship,B,#N/A,UEIS,A0026@uow.edu.my,,,,,
620,A0026,Sydney Sweeney,Sep-22,XBCS2193N,HCI & User Experience,C+,#N/A,UEIS,A0026@uow.edu.my,,,,,
621,A0026,Sydney Sweeney,Sep-22,XBIS2014N,IT Infrastructure,B-,#N/A,UEIS,A0026@uow.edu.my,,,,,
622,A0026,Sydney Sweeney,Sep-22,XBIS3014N,Enterprise Systems,C,#N/A,UEIS,A0026@uow.edu.my,,,,,
623,A0026,Sydney Sweeney,Sep-22,MPU3242N,Global Social Responsibility,B+,#N/A,UEIS,A0026@uow.edu.my,,,,,
624,A0026,Sydney Sweeney,Sep-22,XBIS2044N,Enterprise Architecture,C+,#N/A,UEIS,A0026@uow.edu.my,,,,,
625,A0026,Sydney Sweeney,Sep-22,XBIS3044N,Information System Strategy & Management,1,Retaking this semester,UEIS,A0026@uow.edu.my,,,,,
626,A0026,Sydney Sweeney,Sep-22,XBIS3034N,Business Process Management,C+,#N/A,UEIS,A0026@uow.edu.my,,,,,
627,A0026,Sydney Sweeney,Sep-22,XBSE2044N,IT Project Management,C+,#N/A,UEIS,A0026@uow.edu.my,,,,,
628,A0026,Sydney Sweeney,Sep-22,XBCS2054N,Computer Ethics & Law,B,#N/A,UEIS,A0026@uow.edu.my,,,,,
629,A0026,Sydney Sweeney,Sep-22,XBFP3074M,Final Year Project 1,B-,#N/A,UEIS,A0026@uow.edu.my,,,,,
630,A0026,Sydney Sweeney,Sep-22,XBFP3084N,Final Year Project 2,n,To Take (n : registered for Next semester),UEIS,A0026@uow.edu.my,,,,,
631,A0026,Sydney Sweeney,Sep-22,MPU3213,Bahasa Kebangsaan A,e,Exempted without Credit Transfer,UEIS,A0026@uow.edu.my,,,,,
632,A0026,Sydney Sweeney,Sep-22,MPU3143N,Bahasa Melayu Komunikasi 2,e,Exempted without Credit Transfer,UEIS,A0026@uow.edu.my,,,,,
633,A0026,Sydney Sweeney,Sep-22,MPU3123N,Tamadun Islam & Tamadun Asia,e,Exempted without Credit Transfer,UEIS,A0026@uow.edu.my,,,,,
634,A0026,Sydney Sweeney,Sep-22,KBRM3014N,Research Methodology,e,Exempted without Credit Transfer,UEIS,A0026@uow.edu.my,,,,,
635,A0026,Sydney Sweeney,Sep-22,BBMK1014N,Principles of Marketing,1,Retaking this semester,UEIS,A0026@uow.edu.my,,,,,
636,A0026,Sydney Sweeney,Sep-22,BBLG2034N,Supply Chain Management,B,#N/A,UEIS,A0026@uow.edu.my,,,,,
637,A0026,Sydney Sweeney,Sep-22,BBAC1024N,Management Accounting 1,1,Retaking this semester,UEIS,A0026@uow.edu.my,,,,,
638,A0026,Sydney Sweeney,Sep-22,BBMG3024N,Strategic Management,B-,#N/A,UEIS,A0026@uow.edu.my,,,,,
639,A0026,Sydney Sweeney,Sep-22,XBCS2124N,Computational Intelligence,C+,#N/A,UEIS,A0026@uow.edu.my,,,,,
640,A0026,Sydney Sweeney,Sep-22,XBMC3014N,Internet and Web Development,B+,#N/A,UEIS,A0026@uow.edu.my,,,,,
641,A0027,Brad Pitt,May-22,MPU3183N,Penghayatan Etika dan Peradaban,C+,#N/A,UEIS,A0027@uow.edu.my,,,,,
642,A0027,Brad Pitt,May-22,KBEN1033N,Oral Communication,A,#N/A,UEIS,A0027@uow.edu.my,,,,,
643,A0027,Brad Pitt,May-22,XBCS1043N,Computing Mathematics,B-,#N/A,UEIS,A0027@uow.edu.my,,,,,
644,A0027,Brad Pitt,May-22,XBCS1143N,Application Development,B,#N/A,UEIS,A0027@uow.edu.my,,,,,
645,A0027,Brad Pitt,May-22,XBCS1183N,Database Management & Security,A,#N/A,UEIS,A0027@uow.edu.my,,,,,
646,A0027,Brad Pitt,May-22,MPU3333N,Integrity and Anti Corruption,e,Exempted without Credit Transfer,UEIS,A0027@uow.edu.my,,,,,
647,A0027,Brad Pitt,May-22,MPU3323N,Malaysia and Global Issues,A-,#N/A,UEIS,A0027@uow.edu.my,,,,,
648,A0027,Brad Pitt,May-22,MPU3193N,Philosophy and Current Issues,A-,#N/A,UEIS,A0027@uow.edu.my,,,,,
649,A0027,Brad Pitt,May-22,XBCS1123N,Statistics,A-,#N/A,UEIS,A0027@uow.edu.my,,,,,
650,A0027,Brad Pitt,May-22,XBCS1153N,System Analysis and Design,B+,#N/A,UEIS,A0027@uow.edu.my,,,,,
651,A0027,Brad Pitt,May-22,XBIS1034N,Foundation of Information Systems,B+,#N/A,UEIS,A0027@uow.edu.my,,,,,
652,A0027,Brad Pitt,May-22,XBCS2103N,Fundamentals of Object Oriented Programming,B-,#N/A,UEIS,A0027@uow.edu.my,,,,,
653,A0027,Brad Pitt,May-22,XBIS1044N,Enterprise Information Systems,A-,#N/A,UEIS,A0027@uow.edu.my,,,,,
654,A0027,Brad Pitt,May-22,XBCS2163N,Database Management Systems,B+,#N/A,UEIS,A0027@uow.edu.my,,,,,
655,A0027,Brad Pitt,May-22,XBIS2054N,Data Science,B,#N/A,UEIS,A0027@uow.edu.my,,,,,
656,A0027,Brad Pitt,May-22,XBCS2013N,Principles of Software Engineering,B+,#N/A,UEIS,A0027@uow.edu.my,,,,,
657,A0027,Brad Pitt,May-22,MPU3243N,Entrepreneurship,A-,#N/A,UEIS,A0027@uow.edu.my,,,,,
658,A0027,Brad Pitt,May-22,XBCS2193N,HCI & User Experience,B,#N/A,UEIS,A0027@uow.edu.my,,,,,
659,A0027,Brad Pitt,May-22,XBIS2014N,IT Infrastructure,A,#N/A,UEIS,A0027@uow.edu.my,,,,,
660,A0027,Brad Pitt,May-22,XBIS3014N,Enterprise Systems,A,#N/A,UEIS,A0027@uow.edu.my,,,,,
661,A0027,Brad Pitt,May-22,MPU3242N,Global Social Responsibility,B+,#N/A,UEIS,A0027@uow.edu.my,,,,,
662,A0027,Brad Pitt,May-22,XBIS2044N,Enterprise Architecture,B+,#N/A,UEIS,A0027@uow.edu.my,,,,,
663,A0027,Brad Pitt,May-22,XBIS3044N,Information System Strategy & Management,A-,#N/A,UEIS,A0027@uow.edu.my,,,,,
664,A0027,Brad Pitt,May-22,XBIS3034N,Business Process Management,A-,#N/A,UEIS,A0027@uow.edu.my,,,,,
665,A0027,Brad Pitt,May-22,XBSE2044N,IT Project Management,A-,#N/A,UEIS,A0027@uow.edu.my,,,,,
666,A0027,Brad Pitt,May-22,XBCS2054N,Computer Ethics & Law,B+,#N/A,UEIS,A0027@uow.edu.my,,,,,
667,A0027,Brad Pitt,May-22,XBFP3074M,Final Year Project 1,A-,#N/A,UEIS,A0027@uow.edu.my,,,,,
668,A0027,Brad Pitt,May-22,XBFP3084N,Final Year Project 2,A-,#N/A,UEIS,A0027@uow.edu.my,,,,,
669,A0027,Brad Pitt,May-22,XBIN3018N,Internship,n,To Take (n : registered for Next semester),UEIS,A0027@uow.edu.my,,,,,
670,A0027,Brad Pitt,May-22,MPU3213,Bahasa Kebangsaan A,e,Exempted without Credit Transfer,UEIS,A0027@uow.edu.my,,,,,
671,A0027,Brad Pitt,May-22,MPU3143N,Bahasa Melayu Komunikasi 2,e,Exempted without Credit Transfer,UEIS,A0027@uow.edu.my,,,,,
672,A0027,Brad Pitt,May-22,MPU3123N,Tamadun Islam & Tamadun Asia,e,Exempted without Credit Transfer,UEIS,A0027@uow.edu.my,,,,,
673,A0027,Brad Pitt,May-22,KBRM3014N,Research Methodology,e,Exempted without Credit Transfer,UEIS,A0027@uow.edu.my,,,,,
674,A0027,Brad Pitt,May-22,BBFN1014N,Principles of Finance,B+,#N/A,UEIS,A0027@uow.edu.my,,,,,
675,A0027,Brad Pitt,May-22,BBLG2034N,Supply Chain Management,A,#N/A,UEIS,A0027@uow.edu.my,,,,,
676,A0027,Brad Pitt,May-22,BBMG3024N,Strategic Management,B+,#N/A,UEIS,A0027@uow.edu.my,,,,,
677,A0027,Brad Pitt,May-22,BBMG2014N,Organizational Behaviour,A-,#N/A,UEIS,A0027@uow.edu.my,,,,,
678,A0027,Brad Pitt,May-22,XBCS2124N,Computational Intelligence,A,#N/A,UEIS,A0027@uow.edu.my,,,,,
679,A0027,Brad Pitt,May-22,XBMC3014N,Internet and Web Development,A,#N/A,UEIS,A0027@uow.edu.my,,,,,
680,A0028,Taylor Swift,May-22,MPU3183N,Penghayatan Etika dan Peradaban,A-,#N/A,UEIS,A0028@uow.edu.my,,,,,
681,A0028,Taylor Swift,May-22,KBEN1033N,Oral Communication,ct,Credit Transferred,UEIS,A0028@uow.edu.my,,,,,
682,A0028,Taylor Swift,May-22,XBCS1043N,Computing Mathematics,C+,#N/A,UEIS,A0028@uow.edu.my,,,,,
683,A0028,Taylor Swift,May-22,XBCS1143N,Application Development,ct,Credit Transferred,UEIS,A0028@uow.edu.my,,,,,
684,A0028,Taylor Swift,May-22,XBCS1183N,Database Management & Security,ct,Credit Transferred,UEIS,A0028@uow.edu.my,,,,,
685,A0028,Taylor Swift,May-22,MPU3333N,Integrity and Anti Corruption,e,Exempted without Credit Transfer,UEIS,A0028@uow.edu.my,,,,,
686,A0028,Taylor Swift,May-22,MPU3323N,Malaysia and Global Issues,A-,#N/A,UEIS,A0028@uow.edu.my,,,,,
687,A0028,Taylor Swift,May-22,MPU3193N,Philosophy and Current Issues,A-,#N/A,UEIS,A0028@uow.edu.my,,,,,
688,A0028,Taylor Swift,May-22,XBCS1123N,Statistics,B+,#N/A,UEIS,A0028@uow.edu.my,,,,,
689,A0028,Taylor Swift,May-22,XBCS1153N,System Analysis and Design,ct,Credit Transferred,UEIS,A0028@uow.edu.my,,,,,
690,A0028,Taylor Swift,May-22,XBIS1034N,Foundation of Information Systems,B+,#N/A,UEIS,A0028@uow.edu.my,,,,,
691,A0028,Taylor Swift,May-22,XBCS2103N,Fundamentals of Object Oriented Programming,ct,Credit Transferred,UEIS,A0028@uow.edu.my,,,,,
692,A0028,Taylor Swift,May-22,XBIS1044N,Enterprise Information Systems,B+,#N/A,UEIS,A0028@uow.edu.my,,,,,
693,A0028,Taylor Swift,May-22,XBCS2163N,Database Management Systems,B+,#N/A,UEIS,A0028@uow.edu.my,,,,,
694,A0028,Taylor Swift,May-22,XBIS2054N,Data Science,B-,#N/A,UEIS,A0028@uow.edu.my,,,,,
695,A0028,Taylor Swift,May-22,XBCS2013N,Principles of Software Engineering,B+,#N/A,UEIS,A0028@uow.edu.my,,,,,
696,A0028,Taylor Swift,May-22,MPU3243N,Entrepreneurship,A-,#N/A,UEIS,A0028@uow.edu.my,,,,,
697,A0028,Taylor Swift,May-22,XBCS2193N,HCI & User Experience,B,#N/A,UEIS,A0028@uow.edu.my,,,,,
698,A0028,Taylor Swift,May-22,XBIS2014N,IT Infrastructure,B+,#N/A,UEIS,A0028@uow.edu.my,,,,,
699,A0028,Taylor Swift,May-22,XBIS3014N,Enterprise Systems,A-,#N/A,UEIS,A0028@uow.edu.my,,,,,
700,A0028,Taylor Swift,May-22,MPU3242N,Global Social Responsibility,B+,#N/A,UEIS,A0028@uow.edu.my,,,,,
701,A0028,Taylor Swift,May-22,XBIS2044N,Enterprise Architecture,A,#N/A,UEIS,A0028@uow.edu.my,,,,,
702,A0028,Taylor Swift,May-22,XBIS3044N,Information System Strategy & Management,B-,#N/A,UEIS,A0028@uow.edu.my,,,,,
703,A0028,Taylor Swift,May-22,XBIS3034N,Business Process Management,B+,#N/A,UEIS,A0028@uow.edu.my,,,,,
704,A0028,Taylor Swift,May-22,XBSE2044N,IT Project Management,A-,#N/A,UEIS,A0028@uow.edu.my,,,,,
705,A0028,Taylor Swift,May-22,XBCS2054N,Computer Ethics & Law,B,#N/A,UEIS,A0028@uow.edu.my,,,,,
706,A0028,Taylor Swift,May-22,XBFP3074M,Final Year Project 1,A,#N/A,UEIS,A0028@uow.edu.my,,,,,
707,A0028,Taylor Swift,May-22,XBFP3084N,Final Year Project 2,B+,#N/A,UEIS,A0028@uow.edu.my,,,,,
708,A0028,Taylor Swift,May-22,XBIN3018N,Internship,A,#N/A,UEIS,A0028@uow.edu.my,,,,,
709,A0028,Taylor Swift,May-22,MPU3213,Bahasa Kebangsaan A,e,Exempted without Credit Transfer,UEIS,A0028@uow.edu.my,,,,,
710,A0028,Taylor Swift,May-22,MPU3143N,Bahasa Melayu Komunikasi 2,e,Exempted without Credit Transfer,UEIS,A0028@uow.edu.my,,,,,
711,A0028,Taylor Swift,May-22,MPU3123N,Tamadun Islam & Tamadun Asia,e,Exempted without Credit Transfer,UEIS,A0028@uow.edu.my,,,,,
712,A0028,Taylor Swift,May-22,KBRM3014N,Research Methodology,e,Exempted without Credit Transfer,UEIS,A0028@uow.edu.my,,,,,
713,A0028,Taylor Swift,May-22,BBLG2034N,Supply Chain Management,B+,#N/A,UEIS,A0028@uow.edu.my,,,,,
714,A0028,Taylor Swift,May-22,BBLG2014N,Introduction to Logistic,B,#N/A,UEIS,A0028@uow.edu.my,,,,,
715,A0028,Taylor Swift,May-22,BBMG3024N,Strategic Management,A-,#N/A,UEIS,A0028@uow.edu.my,,,,,
716,A0028,Taylor Swift,May-22,BBMG2014N,Organizational Behaviour,B+,#N/A,UEIS,A0028@uow.edu.my,,,,,
717,A0028,Taylor Swift,May-22,XBCS2064N,Integrative Consultancy Project,B+,#N/A,UEIS,A0028@uow.edu.my,,,,,
718,A0028,Taylor Swift,May-22,XBCS2124N,Computational Intelligence,C+,#N/A,UEIS,A0028@uow.edu.my,,,,,
719,A0029,Timothée Chalamet,Jan-22,MPU3183N,Penghayatan Etika dan Peradaban,B+,#N/A,UEIS,A0029@uow.edu.my,,,,,
720,A0029,Timothée Chalamet,Jan-22,KBEN1033N,Oral Communication,B+,#N/A,UEIS,A0029@uow.edu.my,,,,,
721,A0029,Timothée Chalamet,Jan-22,XBCS1043N,Computing Mathematics,A+,#N/A,UEIS,A0029@uow.edu.my,,,,,
722,A0029,Timothée Chalamet,Jan-22,XBCS1143N,Application Development,C+,#N/A,UEIS,A0029@uow.edu.my,,,,,
723,A0029,Timothée Chalamet,Jan-22,XBCS1183N,Database Management & Security,A+,#N/A,UEIS,A0029@uow.edu.my,,,,,
724,A0029,Timothée Chalamet,Jan-22,MPU3333N,Integrity and Anti Corruption,e,Exempted without Credit Transfer,UEIS,A0029@uow.edu.my,,,,,
725,A0029,Timothée Chalamet,Jan-22,MPU3323N,Malaysia and Global Issues,B+,#N/A,UEIS,A0029@uow.edu.my,,,,,
726,A0029,Timothée Chalamet,Jan-22,MPU3193N,Philosophy and Current Issues,B-,#N/A,UEIS,A0029@uow.edu.my,,,,,
727,A0029,Timothée Chalamet,Jan-22,XBCS1123N,Statistics,A+,#N/A,UEIS,A0029@uow.edu.my,,,,,
728,A0029,Timothée Chalamet,Jan-22,XBCS1153N,System Analysis and Design,A-,#N/A,UEIS,A0029@uow.edu.my,,,,,
729,A0029,Timothée Chalamet,Jan-22,XBIS1034N,Foundation of Information Systems,A,#N/A,UEIS,A0029@uow.edu.my,,,,,
730,A0029,Timothée Chalamet,Jan-22,XBCS2103N,Fundamentals of Object Oriented Programming,A-,#N/A,UEIS,A0029@uow.edu.my,,,,,
731,A0029,Timothée Chalamet,Jan-22,XBIS1044N,Enterprise Information Systems,A-,#N/A,UEIS,A0029@uow.edu.my,,,,,
732,A0029,Timothée Chalamet,Jan-22,XBCS2163N,Database Management Systems,B+,#N/A,UEIS,A0029@uow.edu.my,,,,,
733,A0029,Timothée Chalamet,Jan-22,XBIS2054N,Data Science,A+,#N/A,UEIS,A0029@uow.edu.my,,,,,
734,A0029,Timothée Chalamet,Jan-22,XBCS2013N,Principles of Software Engineering,A-,#N/A,UEIS,A0029@uow.edu.my,,,,,
735,A0029,Timothée Chalamet,Jan-22,MPU3243N,Entrepreneurship,A-,#N/A,UEIS,A0029@uow.edu.my,,,,,
736,A0029,Timothée Chalamet,Jan-22,XBCS2193N,HCI & User Experience,B+,#N/A,UEIS,A0029@uow.edu.my,,,,,
737,A0029,Timothée Chalamet,Jan-22,XBIS2014N,IT Infrastructure,A-,#N/A,UEIS,A0029@uow.edu.my,,,,,
738,A0029,Timothée Chalamet,Jan-22,XBIS3014N,Enterprise Systems,A,#N/A,UEIS,A0029@uow.edu.my,,,,,
739,A0029,Timothée Chalamet,Jan-22,MPU3242N,Global Social Responsibility,B+,#N/A,UEIS,A0029@uow.edu.my,,,,,
740,A0029,Timothée Chalamet,Jan-22,XBIS2044N,Enterprise Architecture,A+,#N/A,UEIS,A0029@uow.edu.my,,,,,
741,A0029,Timothée Chalamet,Jan-22,XBIS3044N,Information System Strategy & Management,B+,#N/A,UEIS,A0029@uow.edu.my,,,,,
742,A0029,Timothée Chalamet,Jan-22,XBIS3034N,Business Process Management,A,#N/A,UEIS,A0029@uow.edu.my,,,,,
743,A0029,Timothée Chalamet,Jan-22,XBSE2044N,IT Project Management,A-,#N/A,UEIS,A0029@uow.edu.my,,,,,
744,A0029,Timothée Chalamet,Jan-22,XBCS2054N,Computer Ethics & Law,A+,#N/A,UEIS,A0029@uow.edu.my,,,,,
745,A0029,Timothée Chalamet,Jan-22,XBFP3074M,Final Year Project 1,A-,#N/A,UEIS,A0029@uow.edu.my,,,,,
746,A0029,Timothée Chalamet,Jan-22,XBFP3084N,Final Year Project 2,A-,#N/A,UEIS,A0029@uow.edu.my,,,,,
747,A0029,Timothée Chalamet,Jan-22,XBIN3018N,Internship,n,To Take (n : registered for Next semester),UEIS,A0029@uow.edu.my,,,,,
748,A0029,Timothée Chalamet,Jan-22,MPU3213,Bahasa Kebangsaan A,e,Exempted without Credit Transfer,UEIS,A0029@uow.edu.my,,,,,
749,A0029,Timothée Chalamet,Jan-22,MPU3143N,Bahasa Melayu Komunikasi 2,e,Exempted without Credit Transfer,UEIS,A0029@uow.edu.my,,,,,
750,A0029,Timothée Chalamet,Jan-22,MPU3123N,Tamadun Islam & Tamadun Asia,e,Exempted without Credit Transfer,UEIS,A0029@uow.edu.my,,,,,
751,A0029,Timothée Chalamet,Jan-22,KBRM3014N,Research Methodology,e,Exempted without Credit Transfer,UEIS,A0029@uow.edu.my,,,,,
752,A0029,Timothée Chalamet,Jan-22,BBFN1014N,Principles of Finance,A,#N/A,UEIS,A0029@uow.edu.my,,,,,
753,A0029,Timothée Chalamet,Jan-22,BBLG2034N,Supply Chain Management,A,#N/A,UEIS,A0029@uow.edu.my,,,,,
754,A0029,Timothée Chalamet,Jan-22,BBMG3024N,Strategic Management,A-,#N/A,UEIS,A0029@uow.edu.my,,,,,
755,A0029,Timothée Chalamet,Jan-22,BBMG2014N,Organizational Behaviour,A,#N/A,UEIS,A0029@uow.edu.my,,,,,
756,A0029,Timothée Chalamet,Jan-22,XBCS2124N,Computational Intelligence,A+,#N/A,UEIS,A0029@uow.edu.my,,,,,
757,A0029,Timothée Chalamet,Jan-22,XBMC3014N,Internet and Web Development,A,#N/A,UEIS,A0029@uow.edu.my,,,,,
758,A0030,Zendaya,Jan-22,MPU3183N,Penghayatan Etika dan Peradaban,e,Exempted without Credit Transfer,UEIS,A0030@uow.edu.my,,,,,
759,A0030,Zendaya,Jan-22,KBEN1033N,Oral Communication,A-,#N/A,UEIS,A0030@uow.edu.my,,,,,
760,A0030,Zendaya,Jan-22,XBCS1043N,Computing Mathematics,C,#N/A,UEIS,A0030@uow.edu.my,,,,,
761,A0030,Zendaya,Jan-22,XBCS1143N,Application Development,C+,#N/A,UEIS,A0030@uow.edu.my,,,,,
762,A0030,Zendaya,Jan-22,XBCS1183N,Database Management & Security,B,#N/A,UEIS,A0030@uow.edu.my,,,,,
763,A0030,Zendaya,Jan-22,MPU3333N,Integrity and Anti Corruption,e,Exempted without Credit Transfer,UEIS,A0030@uow.edu.my,,,,,
764,A0030,Zendaya,Jan-22,MPU3323N,Malaysia and Global Issues,A+,#N/A,UEIS,A0030@uow.edu.my,,,,,
765,A0030,Zendaya,Jan-22,MPU3193N,Philosophy and Current Issues,B-,#N/A,UEIS,A0030@uow.edu.my,,,,,
766,A0030,Zendaya,Jan-22,XBCS1123N,Statistics,C,#N/A,UEIS,A0030@uow.edu.my,,,,,
767,A0030,Zendaya,Jan-22,XBCS1153N,System Analysis and Design,B,#N/A,UEIS,A0030@uow.edu.my,,,,,
768,A0030,Zendaya,Jan-22,XBIS1034N,Foundation of Information Systems,B,#N/A,UEIS,A0030@uow.edu.my,,,,,
769,A0030,Zendaya,Jan-22,XBCS2103N,Fundamentals of Object Oriented Programming,C+,#N/A,UEIS,A0030@uow.edu.my,,,,,
770,A0030,Zendaya,Jan-22,XBIS1044N,Enterprise Information Systems,B+,#N/A,UEIS,A0030@uow.edu.my,,,,,
771,A0030,Zendaya,Jan-22,XBCS2163N,Database Management Systems,C+,#N/A,UEIS,A0030@uow.edu.my,,,,,
772,A0030,Zendaya,Jan-22,XBIS2054N,Data Science,B,#N/A,UEIS,A0030@uow.edu.my,,,,,
773,A0030,Zendaya,Jan-22,XBCS2013N,Principles of Software Engineering,B+,#N/A,UEIS,A0030@uow.edu.my,,,,,
774,A0030,Zendaya,Jan-22,MPU3243N,Entrepreneurship,A,#N/A,UEIS,A0030@uow.edu.my,,,,,
775,A0030,Zendaya,Jan-22,XBCS2193N,HCI & User Experience,B,#N/A,UEIS,A0030@uow.edu.my,,,,,
776,A0030,Zendaya,Jan-22,XBIS2014N,IT Infrastructure,B,#N/A,UEIS,A0030@uow.edu.my,,,,,
777,A0030,Zendaya,Jan-22,XBIS3014N,Enterprise Systems,B+,#N/A,UEIS,A0030@uow.edu.my,,,,,
778,A0030,Zendaya,Jan-22,MPU3242N,Global Social Responsibility,B+,#N/A,UEIS,A0030@uow.edu.my,,,,,
779,A0030,Zendaya,Jan-22,XBIS2044N,Enterprise Architecture,C+,#N/A,UEIS,A0030@uow.edu.my,,,,,
780,A0030,Zendaya,Jan-22,XBIS3044N,Information System Strategy & Management,B+,#N/A,UEIS,A0030@uow.edu.my,,,,,
781,A0030,Zendaya,Jan-22,XBIS3034N,Business Process Management,A-,#N/A,UEIS,A0030@uow.edu.my,,,,,
782,A0030,Zendaya,Jan-22,XBSE2044N,IT Project Management,B+,#N/A,UEIS,A0030@uow.edu.my,,,,,
783,A0030,Zendaya,Jan-22,XBCS2054N,Computer Ethics & Law,A-,#N/A,UEIS,A0030@uow.edu.my,,,,,
784,A0030,Zendaya,Jan-22,XBFP3074M,Final Year Project 1,A,#N/A,UEIS,A0030@uow.edu.my,,,,,
785,A0030,Zendaya,Jan-22,XBFP3084N,Final Year Project 2,B+,#N/A,UEIS,A0030@uow.edu.my,,,,,
786,A0030,Zendaya,Jan-22,XBIN3018N,Internship,A+,#N/A,UEIS,A0030@uow.edu.my,,,,,
787,A0030,Zendaya,Jan-22,MPU3213,Bahasa Kebangsaan A,e,Exempted without Credit Transfer,UEIS,A0030@uow.edu.my,,,,,
788,A0030,Zendaya,Jan-22,MPU3143N,Bahasa Melayu Komunikasi 2,A-,#N/A,UEIS,A0030@uow.edu.my,,,,,
789,A0030,Zendaya,Jan-22,MPU3123N,Tamadun Islam & Tamadun Asia,e,Exempted without Credit Transfer,UEIS,A0030@uow.edu.my,,,,,
790,A0030,Zendaya,Jan-22,KBRM3014N,Research Methodology,e,Exempted without Credit Transfer,UEIS,A0030@uow.edu.my,,,,,
791,A0030,Zendaya,Jan-22,BBLG2014N,Introduction to Logistic,B+,#N/A,UEIS,A0030@uow.edu.my,,,,,
792,A0030,Zendaya,Jan-22,BBMG3024N,Strategic Management,A-,#N/A,UEIS,A0030@uow.edu.my,,,,,
793,A0030,Zendaya,Jan-22,BBMG2014N,Organizational Behaviour,B,#N/A,UEIS,A0030@uow.edu.my,,,,,
794,A0030,Zendaya,Jan-22,XBCS2064N,Integrative Consultancy Project,A,#N/A,UEIS,A0030@uow.edu.my,,,,,
795,A0030,Zendaya,Jan-22,XBCS2124N,Computational Intelligence,C+,#N/A,UEIS,A0030@uow.edu.my,,,,,
796,A0030,Zendaya,Jan-22,XBMC3014N,Internet and Web Development,A-,#N/A,UEIS,A0030@uow.edu.my,,,,,
797,A0030,Zendaya,Jan-22,XBMC3014N,Internet and Web Development,A-,#N/A,UEIS,A0030@uow.edu.my,,,,,
798,A0030,Zendaya,Jan-22,XBMC3014N,Internet and Web Development,A-,#N/A,UEIS,A0030@uow.edu.my,,,,,
799,A0028,Taylor Swift,May-22,XBCS2064N,Integrative Consultancy Project,B+,#N/A,UEIS,A0028@uow.edu.my,,,,,
800,A0028,Taylor Swift,May-22,XBCS2124N,Computational Intelligence,C+,#N/A,UEIS,A0028@uow.edu.my,,,,,
